Row ID,Order ID,Order Date,Ship Date,Ship Mode,Customer ID,Customer Name,Segment,Country_Region,City,State_Province,Postal Code,Region,Product ID,Category,Sub-Category,Product Name,Sales,Quantity,Discount,Profit,Month,Year,Month_Year,Profit Margin,Profit Flag,Sale Bend
6,US-2023-167199,1/6/2023,1/10/2023,Standard Class,ME-17320,Maria Etezadi,Home Office,United States,Henderson,Kentucky,42420,South,FUR-CH-10004063,Furniture,Chairs,Global Deluxe High-Back Manager's Chair,2573.82,9,0,746.41,Jan,2023,23-Jan,29.00%,Profitable,High
9,US-2023-167199,1/6/2023,1/10/2023,Standard Class,ME-17320,Maria Etezadi,Home Office,United States,Henderson,Kentucky,42420,South,OFF-BI-10004632,Office Supplies,Binders,Ibico Hi-Tech Manual Binding System,609.98,2,0,274.49,Jan,2023,23-Jan,45.00%,Profitable,High
13,US-2023-167199,1/6/2023,1/10/2023,Standard Class,ME-17320,Maria Etezadi,Home Office,United States,Henderson,Kentucky,42420,South,TEC-PH-10004539,Technology,Phones,Wireless Extenders zBoost YX545 SOHO Signal Booster,755.96,4,0,204.11,Jan,2023,23-Jan,27.00%,Profitable,High
23,US-2023-109232,1/13/2023,1/16/2023,Second Class,ND-18370,Natalie DeCherney,Consumer,United States,Mount Pleasant,South Carolina,29464,South,FUR-CH-10000422,Furniture,Chairs,Global Highback Leather Tilter in Burgundy,545.94,6,0,87.35,Jan,2023,23-Jan,16.00%,Profitable,High
30,US-2023-162775,1/13/2023,1/15/2023,Second Class,CS-12250,Chris Selesnick,Corporate,United States,Bossier City,Louisiana,71111,South,OFF-ST-10000025,Office Supplies,Storage,Fellowes Stor/Drawer Steel Plus Storage Drawers,572.58,6,0,34.35,Jan,2023,23-Jan,6.00%,Profitable,High
31,US-2023-157147,1/13/2023,1/18/2023,Standard Class,BD-11605,Brian Dahlen,Consumer,United States,San Francisco,California,94109,West,OFF-ST-10000078,Office Supplies,Storage,Tennsco 6- and 18-Compartment Lockers,1325.85,5,0,238.65,Jan,2023,23-Jan,18.00%,Profitable,High
32,US-2023-162775,1/13/2023,1/15/2023,Second Class,CS-12250,Chris Selesnick,Corporate,United States,Bossier City,Louisiana,71111,South,TEC-AC-10003174,Technology,Accessories,Plantronics S12 Corded Telephone Headset System,646.74,6,0,258.7,Jan,2023,23-Jan,40.00%,Profitable,High
44,US-2023-147627,1/20/2023,1/26/2023,Standard Class,HL-15040,Hunter Lopez,Consumer,United States,Jonesboro,Arkansas,72401,South,FUR-CH-10002331,Furniture,Chairs,Hon 4700 Series Mobuis Mid-Back Task Chairs with Adjustable Arms,1067.94,3,0,224.27,Jan,2023,23-Jan,21.00%,Profitable,High
60,US-2023-147627,1/20/2023,1/26/2023,Standard Class,HL-15040,Hunter Lopez,Consumer,United States,Jonesboro,Arkansas,72401,South,TEC-PH-10001061,Technology,Phones,Apple iPhone 5C,699.93,7,0,181.98,Jan,2023,23-Jan,26.00%,Profitable,High
103,US-2023-127614,2/11/2023,2/15/2023,Standard Class,NF-18385,Natalie Fritzler,Consumer,United States,Chesapeake,Virginia,23320,South,FUR-TA-10003715,Furniture,Tables,Hon 2111 Invitation Series Corner Table,1256.22,6,0,75.37,Feb,2023,23-Feb,6.00%,Profitable,High
131,US-2023-113880,3/1/2023,3/5/2023,Standard Class,VF-21715,Vicky Freymann,Home Office,United States,Elmhurst,Illinois,60126,Central,FUR-CH-10000863,Furniture,Chairs,Novimex Swivel Fabric Task Chair,634.12,6,0.3,-172.12,Mar,2023,23-Mar,-27.10%,Loss,High
146,US-2023-105648,3/3/2023,3/7/2023,Standard Class,EJ-14155,Eva Jacobs,Consumer,United States,San Diego,California,92037,West,FUR-TA-10002958,Furniture,Tables,"Bevis Oval Conference Table, Walnut",626.35,3,0.2,-23.49,Mar,2023,23-Mar,-3.80%,Loss,High
171,US-2023-140116,3/10/2023,3/17/2023,Standard Class,KT-16480,Kean Thornton,Consumer,United States,Denver,Colorado,80219,West,OFF-ST-10000078,Office Supplies,Storage,Tennsco 6- and 18-Compartment Lockers,636.41,3,0.2,-15.91,Mar,2023,23-Mar,-2.50%,Loss,High
179,US-2023-114790,3/11/2023,3/13/2023,Second Class,FM-14215,Filia McAdams,Corporate,United States,Richmond,Kentucky,40475,South,TEC-PH-10000984,Technology,Phones,Panasonic KX-TG9471B,587.97,3,0,164.63,Mar,2023,23-Mar,28.00%,Profitable,High
180,CA-2023-139675,3/13/2023,3/18/2023,Second Class,NF-18595,Nicole Fjeld,Home Office,Canada,Calgary,Alberta,T2C,West,FUR-CH-10004063,Furniture,Chairs,Global Deluxe High-Back Manager's Chair,915.14,4,0.2,102.95,Mar,2023,23-Mar,11.20%,Profitable,High
182,US-2023-125521,3/14/2023,3/19/2023,Standard Class,CK-12325,Christine Kargatis,Home Office,United States,Chesapeake,Virginia,23320,South,FUR-CH-10003379,Furniture,Chairs,Global Commerce Series High-Back Swivel/Tilt Chairs,1139.92,4,0,284.98,Mar,2023,23-Mar,25.00%,Profitable,High
192,US-2023-152618,3/14/2023,3/17/2023,First Class,RB-19465,Rick Bensley,Home Office,United States,Chicago,Illinois,60653,Central,TEC-MA-10003626,Technology,Machines,Hewlett-Packard Deskjet 6540 Color Inkjet Printer,574.91,2,0.3,156.05,Mar,2023,23-Mar,27.10%,Profitable,High
199,US-2023-148838,3/17/2023,3/21/2023,Standard Class,CP-12340,Christine Phan,Corporate,United States,New York City,New York,10024,East,FUR-TA-10001950,Furniture,Tables,Balt Solid Wood Round Tables,1071.58,4,0.4,-553.65,Mar,2023,23-Mar,-51.70%,Loss,High
200,US-2023-148838,3/17/2023,3/21/2023,Standard Class,CP-12340,Christine Phan,Corporate,United States,New York City,New York,10024,East,FUR-TA-10003473,Furniture,Tables,Bretford Rectangular Conference Table Tops,1579.75,7,0.4,-447.59,Mar,2023,23-Mar,-28.30%,Loss,High
201,US-2023-148838,3/17/2023,3/21/2023,Standard Class,CP-12340,Christine Phan,Corporate,United States,New York City,New York,10024,East,FUR-TA-10004175,Furniture,Tables,"Hon 30"" x 60"" Table with Locking Drawer",613.91,3,0.4,-122.78,Mar,2023,23-Mar,-20.00%,Loss,High
218,US-2023-111871,3/18/2023,3/21/2023,Second Class,EK-13795,Eileen Kiefer,Home Office,United States,San Francisco,California,94110,West,FUR-BO-10004218,Furniture,Bookcases,"Bush Heritage Pine Collection 5-Shelf Bookcase, Albany Pine Finish, *Special Order",1198.33,10,0.15,70.49,Mar,2023,23-Mar,5.90%,Profitable,High
225,US-2023-131275,3/18/2023,3/24/2023,Standard Class,SC-20050,Sample Company A,Home Office,United States,Burbank,California,91505,West,OFF-ST-10000078,Office Supplies,Storage,Tennsco 6- and 18-Compartment Lockers,1856.19,7,0,334.11,Mar,2023,23-Mar,18.00%,Profitable,High
226,US-2023-131275,3/18/2023,3/24/2023,Standard Class,SC-20050,Sample Company A,Home Office,United States,Burbank,California,91505,West,TEC-MA-10001148,Technology,Machines,Swingline SM12-08 MicroCut Jam Free Shredder,1279.97,4,0.2,415.99,Mar,2023,23-Mar,32.50%,Profitable,High
227,US-2023-145317,3/18/2023,3/23/2023,Standard Class,SM-20320,Sean Miller,Home Office,United States,Jacksonville,Florida,32216,South,TEC-MA-10002412,Technology,Machines,Cisco TelePresence System EX90 Videoconferencing Unit,22638.48,6,0.5,-1811.08,Mar,2023,23-Mar,-8.00%,Loss,High
228,US-2023-145317,3/18/2023,3/23/2023,Standard Class,SM-20320,Sean Miller,Home Office,United States,Jacksonville,Florida,32216,South,TEC-MA-10003626,Technology,Machines,Hewlett-Packard Deskjet 6540 Color Inkjet Printer,821.3,4,0.5,-16.43,Mar,2023,23-Mar,-2.00%,Loss,High
246,US-2023-163223,3/21/2023,3/25/2023,Standard Class,KH-16690,Kristen Hastings,Corporate,United States,Springfield,Virginia,22153,South,TEC-PH-10000730,Technology,Phones,Samsung Galaxy S4 Active,3499.93,7,0,909.98,Mar,2023,23-Mar,26.00%,Profitable,High
254,US-2023-120838,3/23/2023,3/26/2023,Second Class,PO-18865,Patrick O'Donnell,Consumer,United States,Los Angeles,California,90036,West,TEC-PH-10003484,Technology,Phones,Ooma Telo VoIP Home Phone System,604.75,6,0.2,37.8,Mar,2023,23-Mar,6.30%,Profitable,High
268,US-2023-137869,3/28/2023,4/2/2023,Standard Class,CV-12295,Christina VanderZanden,Consumer,United States,Des Moines,Iowa,50315,Central,FUR-TA-10003954,Furniture,Tables,Hon 94000 Series Round Tables,1184.72,4,0,106.62,Mar,2023,23-Mar,9.00%,Profitable,High
271,US-2023-137274,3/29/2023,4/2/2023,Standard Class,MG-18145,Mike Gockenbach,Consumer,United States,Plano,Texas,75023,Central,FUR-TA-10001889,Furniture,Tables,Bush Advantage Collection Racetrack Conference Table,890.84,3,0.3,-152.72,Mar,2023,23-Mar,-17.10%,Loss,High
281,US-2023-130428,3/31/2023,3/31/2023,Same Day,TG-21640,Trudy Glocke,Consumer,United States,Tampa,Florida,33614,South,FUR-CH-10002965,Furniture,Chairs,"Global Leather Highback Executive Chair with Pneumatic Height Adjustment, Black",1125.49,7,0.2,98.48,Mar,2023,23-Mar,8.80%,Profitable,High
288,US-2023-128055,3/31/2023,4/5/2023,Standard Class,AA-10315,Alex Avila,Consumer,United States,San Francisco,California,94122,West,OFF-BI-10004390,Office Supplies,Binders,GBC DocuBind 200 Manual Binding Machine,673.57,2,0.2,252.59,Mar,2023,23-Mar,37.50%,Profitable,High
299,US-2023-164315,4/2/2023,4/8/2023,Standard Class,RD-19585,Rob Dowd,Consumer,United States,Athens,Georgia,30605,South,TEC-PH-10001128,Technology,Phones,Motorola Droid Maxx,1049.93,7,0,293.98,Apr,2023,23-Apr,28.00%,Profitable,High
319,US-2023-149104,4/5/2023,4/7/2023,Second Class,RD-19900,Ruben Dartt,Consumer,United States,Dearborn Heights,Michigan,48127,Central,OFF-ST-10000991,Office Supplies,Storage,Space Solutions HD Industrial Steel Shelving.,689.82,6,0,20.69,Apr,2023,23-Apr,3.00%,Profitable,High
322,US-2023-102988,4/5/2023,4/9/2023,Second Class,GM-14695,Greg Maxwell,Corporate,United States,Alexandria,Virginia,22304,South,OFF-SU-10002881,Office Supplies,Supplies,Martin Yale Chadless Opener Electric Letter Opener,4164.05,5,0,83.28,Apr,2023,23-Apr,2.00%,Profitable,High
326,US-2023-169803,4/6/2023,4/12/2023,Standard Class,SC-20260,Scott Cohen,Corporate,United States,Seattle,Washington,98115,West,FUR-TA-10000688,Furniture,Tables,"Chromcraft Bull-Nose Wood Round Conference Table Top, Wood Base",653.55,3,0,111.1,Apr,2023,23-Apr,17.00%,Profitable,High
340,US-2023-128846,4/7/2023,4/12/2023,Standard Class,RS-19765,Roland Schwarz,Corporate,United States,Columbia,South Carolina,29203,South,TEC-PH-10003273,Technology,Phones,AT&T TR1909W,629.95,5,0,163.79,Apr,2023,23-Apr,26.00%,Profitable,High
342,US-2023-118997,4/8/2023,4/12/2023,Standard Class,RA-19885,Ruben Ausman,Corporate,United States,Decatur,Alabama,35601,South,FUR-TA-10001086,Furniture,Tables,"SAFCO PlanMaster Boards, 60w x 37-1/2d, White Melamine",1215.92,8,0,316.14,Apr,2023,23-Apr,26.00%,Profitable,High
357,US-2023-138940,4/11/2023,4/16/2023,Second Class,GM-14455,Gary Mitchum,Home Office,United States,Austin,Texas,78745,Central,TEC-PH-10001835,Technology,Phones,Jawbone JAMBOX Wireless Bluetooth Speaker,758.35,6,0.2,265.42,Apr,2023,23-Apr,35.00%,Profitable,High
363,US-2023-154599,4/12/2023,4/17/2023,Standard Class,KN-16450,Kean Nguyen,Corporate,United States,Redondo Beach,California,90278,West,TEC-PH-10001557,Technology,Phones,Pyle PMP37LED,1075.09,14,0.2,94.07,Apr,2023,23-Apr,8.80%,Profitable,High
365,US-2023-122336,4/13/2023,4/17/2023,Second Class,JD-15895,Jonathan Doherty,Corporate,United States,Philadelphia,Pennsylvania,19140,East,OFF-BI-10003656,Office Supplies,Binders,Fellowes PB200 Plastic Comb Binding Machine,509.97,10,0.7,-407.98,Apr,2023,23-Apr,-80.00%,Loss,High
384,US-2023-134572,4/20/2023,4/22/2023,Second Class,SV-20365,Seth Vernon,Consumer,United States,Houston,Texas,77070,Central,FUR-TA-10001705,Furniture,Tables,Bush Advantage Collection Round Conference Table,744.1,5,0.3,-95.67,Apr,2023,23-Apr,-12.90%,Loss,High
388,US-2023-136336,4/21/2023,4/26/2023,Standard Class,DB-13555,Dorothy Badders,Corporate,United States,Henderson,Kentucky,42420,South,OFF-ST-10002574,Office Supplies,Storage,"SAFCO Commercial Wire Shelving, Black",828.84,6,0,0,Apr,2023,23-Apr,0.00%,Loss,High
397,US-2023-166954,4/25/2023,4/30/2023,Standard Class,BT-11305,Beth Thompson,Home Office,United States,San Gabriel,California,91776,West,FUR-CH-10003973,Furniture,Chairs,GuestStacker Chair with Chrome Finish Legs,1487.04,5,0.2,148.7,Apr,2023,23-Apr,10.00%,Profitable,High
415,US-2023-131387,4/28/2023,4/30/2023,First Class,AI-10855,Arianne Irving,Consumer,United States,San Francisco,California,94122,West,TEC-PH-10001459,Technology,Phones,Samsung Galaxy Mega 6.3,1679.96,5,0.2,126,Apr,2023,23-Apr,7.50%,Profitable,High
416,US-2023-107811,4/29/2023,5/3/2023,Standard Class,LA-16780,Laura Armstrong,Corporate,United States,Memphis,Tennessee,38109,South,FUR-CH-10001394,Furniture,Chairs,Global Leather Executive Chair,561.58,2,0.2,70.2,Apr,2023,23-Apr,12.50%,Profitable,High
423,US-2023-160094,4/30/2023,5/2/2023,First Class,JM-16195,Justin MacKendrick,Consumer,United States,Louisville,Kentucky,40214,South,OFF-ST-10000585,Office Supplies,Storage,Economy Rollaway Files,826,5,0,214.76,Apr,2023,23-Apr,26.00%,Profitable,High
446,US-2023-166086,5/7/2023,5/12/2023,Standard Class,CT-11995,Carol Triggs,Consumer,United States,Lawrence,Massachusetts,1841,East,FUR-CH-10004675,Furniture,Chairs,"Lifetime Advantage Folding Chairs, 4/Carton",872.32,4,0,244.25,May,2023,23-May,28.00%,Profitable,High
450,CA-2023-166086,5/7/2023,5/12/2023,Standard Class,CT-11995,Carol Triggs,Consumer,Canada,Toronto,Ontario,M3C,East,FUR-CH-10004675,Furniture,Chairs,"Lifetime Advantage Folding Chairs, 4/Carton",872.32,4,0,244.25,May,2023,23-May,28.00%,Profitable,High
454,US-2023-116666,5/8/2023,5/10/2023,First Class,KT-16480,Kean Thornton,Consumer,United States,Philadelphia,Pennsylvania,19134,East,TEC-CO-10001449,Technology,Copiers,Hewlett Packard LaserJet 3310 Copier,1799.97,5,0.4,240,May,2023,23-May,13.30%,Profitable,High
467,US-2023-103310,5/10/2023,5/15/2023,Standard Class,GM-14680,Greg Matthias,Consumer,United States,San Jose,California,95123,West,TEC-PH-10001817,Technology,Phones,Wilson Electronics DB Pro Signal Booster,1432,5,0.2,125.3,May,2023,23-May,8.80%,Profitable,High
469,US-2023-152100,5/11/2023,5/16/2023,Standard Class,VW-21775,Victoria Wilson,Corporate,United States,Huntsville,Texas,77340,Central,FUR-CH-10000015,Furniture,Chairs,Hon Multipurpose Stacking Arm Chairs,1212.96,8,0.3,-69.31,May,2023,23-May,-5.70%,Loss,High
478,US-2023-155887,5/12/2023,5/17/2023,Standard Class,KT-16480,Kean Thornton,Consumer,United States,Franklin,Massachusetts,2038,East,FUR-TA-10002228,Furniture,Tables,"Bevis Traditional Conference Table Top, Plinth Base",700.06,3,0.3,-130.01,May,2023,23-May,-18.60%,Loss,High
492,US-2023-103373,5/18/2023,5/24/2023,Standard Class,BS-11755,Bruce Stewart,Consumer,United States,Cleveland,Ohio,44105,East,TEC-PH-10002885,Technology,Phones,Apple iPhone 5,779.8,2,0.4,-168.96,May,2023,23-May,-21.70%,Loss,High
502,CA-2023-166695,5/20/2023,5/24/2023,Standard Class,CC-12430,Chuck Clark,Home Office,Canada,Vancouver,British Columbia,V6Z,West,FUR-CH-10000225,Furniture,Chairs,"Global Geo Office Task Chair, Gray",518.27,8,0.2,-97.18,May,2023,23-May,-18.80%,Loss,High
510,US-2023-117639,5/21/2023,5/25/2023,Standard Class,MW-18235,Mitch Willingham,Corporate,United States,Virginia Beach,Virginia,23464,South,OFF-BI-10003925,Office Supplies,Binders,Fellowes PB300 Plastic Comb Binding Machine,2715.93,7,0,1276.49,May,2023,23-May,47.00%,Profitable,High
514,US-2023-117639,5/21/2023,5/25/2023,Standard Class,MW-18235,Mitch Willingham,Corporate,United States,Virginia Beach,Virginia,23464,South,TEC-PH-10001530,Technology,Phones,Plantronics Voyager Pro Legend,617.97,3,0,173.03,May,2023,23-May,28.00%,Profitable,High
539,US-2023-124429,5/27/2023,5/27/2023,Same Day,MH-17785,Maya Herman,Corporate,United States,San Diego,California,92105,West,FUR-TA-10002607,Furniture,Tables,KI Conference Tables,567.12,10,0.2,-28.36,May,2023,23-May,-5.00%,Loss,High
543,US-2023-139192,5/27/2023,6/1/2023,Second Class,LC-16885,Lena Creighton,Consumer,United States,San Francisco,California,94109,West,TEC-PH-10000486,Technology,Phones,Plantronics HL10 Handset Lifter,1113.5,12,0.2,125.27,May,2023,23-May,11.30%,Profitable,High
553,US-2023-140473,5/30/2023,6/3/2023,Standard Class,MC-17425,Mark Cousins,Corporate,United States,Chicago,Illinois,60623,Central,TEC-CO-10004202,Technology,Copiers,Brother DCP1000 Digital 3 in 1 Multifunction Machine,719.98,3,0.2,135,May,2023,23-May,18.80%,Profitable,High
556,US-2023-166051,5/31/2023,6/5/2023,Standard Class,JK-15625,Jim Karlsson,Consumer,United States,Jackson,Mississippi,39212,South,TEC-PH-10002680,Technology,Phones,Samsung Galaxy Note 3,659.97,3,0,197.99,May,2023,23-May,30.00%,Profitable,High
557,US-2023-131926,6/1/2023,6/6/2023,Second Class,DW-13480,Dianna Wilson,Home Office,United States,Lakeville,Minnesota,55044,Central,FUR-CH-10004063,Furniture,Chairs,Global Deluxe High-Back Manager's Chair,2001.86,7,0,580.54,Jun,2023,23-Jun,29.00%,Profitable,High
559,US-2023-131926,6/1/2023,6/6/2023,Second Class,DW-13480,Dianna Wilson,Home Office,United States,Lakeville,Minnesota,55044,Central,OFF-AP-10002945,Office Supplies,Appliances,Honeywell Enviracaire Portable HEPA Air Cleaner for 17' x 22' Room,1503.25,5,0,496.07,Jun,2023,23-Jun,33.00%,Profitable,High
567,US-2023-165659,6/1/2023,6/6/2023,Standard Class,LT-17110,Liz Thompson,Consumer,United States,Little Rock,Arkansas,72209,South,TEC-PH-10002563,Technology,Phones,Adtran 1202752G1,881.93,7,0,229.3,Jun,2023,23-Jun,26.00%,Profitable,High
574,US-2023-135657,6/3/2023,6/7/2023,Second Class,SC-20725,Steven Cartwright,Consumer,United States,Seattle,Washington,98115,West,FUR-TA-10004086,Furniture,Tables,KI Adjustable-Height Table,515.88,6,0,113.49,Jun,2023,23-Jun,22.00%,Profitable,High
583,US-2023-159520,6/6/2023,6/11/2023,Standard Class,GT-14635,Grant Thornton,Corporate,United States,Long Beach,New York,11561,East,FUR-TA-10003238,Furniture,Tables,"Chromcraft Bull-Nose Wood 48"" x 96"" Rectangular Conference Tables",991.76,3,0.4,-347.12,Jun,2023,23-Jun,-35.00%,Loss,High
595,US-2023-141257,6/8/2023,6/14/2023,Standard Class,CS-11950,Carlos Soltero,Consumer,United States,Seattle,Washington,98115,West,FUR-CH-10002758,Furniture,Chairs,"Hon Deluxe Fabric Upholstered Stacking Chairs, Squared Back",585.55,3,0.2,73.19,Jun,2023,23-Jun,12.50%,Profitable,High
597,US-2023-108147,6/8/2023,6/13/2023,Standard Class,RD-19480,Rick Duston,Consumer,United States,Long Beach,New York,11561,East,OFF-ST-10003470,Office Supplies,Storage,"Tennsco Snap-Together Open Shelving Units, Starter Sets and Add-On Units",1676.88,6,0,83.84,Jun,2023,23-Jun,5.00%,Profitable,High
600,US-2023-115812,6/9/2023,6/14/2023,Standard Class,BH-11710,Brosina Hoffman,Consumer,United States,Los Angeles,California,90032,West,FUR-TA-10001539,Furniture,Tables,Chromcraft Rectangular Conference Tables,1706.18,9,0.2,85.31,Jun,2023,23-Jun,5.00%,Profitable,High
601,US-2023-132612,6/9/2023,6/11/2023,Second Class,FO-14305,Frank Olsen,Consumer,United States,Harrisonburg,Virginia,22801,South,FUR-TA-10004534,Furniture,Tables,Bevis 44 x 96 Conference Tables,1441.3,7,0,245.02,Jun,2023,23-Jun,17.00%,Profitable,High
612,US-2023-115812,6/9/2023,6/14/2023,Standard Class,BH-11710,Brosina Hoffman,Consumer,United States,Los Angeles,California,90032,West,TEC-PH-10002033,Technology,Phones,Konftel 250 Conference phone - Charcoal black,911.42,4,0.2,68.36,Jun,2023,23-Jun,7.50%,Profitable,High
613,US-2023-115812,6/9/2023,6/14/2023,Standard Class,BH-11710,Brosina Hoffman,Consumer,United States,Los Angeles,California,90032,West,TEC-PH-10002275,Technology,Phones,Mitel 5320 IP Phone VoIP phone,907.15,6,0.2,90.72,Jun,2023,23-Jun,10.00%,Profitable,High
617,US-2023-141215,6/15/2023,6/21/2023,Standard Class,KL-16555,Kelly Lampkin,Corporate,United States,San Antonio,Texas,78207,Central,FUR-CH-10003379,Furniture,Chairs,Global Commerce Series High-Back Swivel/Tilt Chairs,797.94,4,0.3,-57,Jun,2023,23-Jun,-7.10%,Loss,High
621,US-2023-136644,6/16/2023,6/22/2023,Standard Class,SC-20575,Sonia Cooley,Consumer,United States,Mishawaka,Indiana,46544,Central,FUR-CH-10000225,Furniture,Chairs,"Global Geo Office Task Chair, Gray",647.84,8,0,32.39,Jun,2023,23-Jun,5.00%,Profitable,High
626,US-2023-144414,6/17/2023,6/21/2023,Standard Class,GH-14425,Gary Hwang,Consumer,United States,Seattle,Washington,98105,West,OFF-BI-10004995,Office Supplies,Binders,GBC DocuBind P400 Electric Binding System,3266.38,3,0.2,1061.57,Jun,2023,23-Jun,32.50%,Profitable,High
638,US-2023-166863,6/20/2023,6/24/2023,Standard Class,SC-20020,Sam Craven,Consumer,United States,Plano,Texas,75023,Central,OFF-ST-10004123,Office Supplies,Storage,Safco Industrial Wire Shelving System,509.49,7,0.2,-127.37,Jun,2023,23-Jun,-25.00%,Loss,High
655,US-2023-141796,6/21/2023,6/21/2023,Same Day,JG-15160,James Galang,Consumer,United States,Long Beach,New York,11561,East,TEC-PH-10001578,Technology,Phones,Polycom SoundStation2 EX Conference phone,1214.85,3,0,352.31,Jun,2023,23-Jun,29.00%,Profitable,High
657,US-2023-130624,6/21/2023,6/24/2023,First Class,TB-21280,Toby Braunhardt,Consumer,United States,New York City,New York,10024,East,TEC-PH-10003963,Technology,Phones,GE 2-Jack Phone Line Splitter,617.97,3,0,160.67,Jun,2023,23-Jun,26.00%,Profitable,High
658,US-2023-128146,6/21/2023,6/25/2023,Standard Class,DB-13060,Dave Brooks,Consumer,United States,Lakewood,New Jersey,8701,East,TEC-PH-10004539,Technology,Phones,Wireless Extenders zBoost YX545 SOHO Signal Booster,1322.93,7,0,357.19,Jun,2023,23-Jun,27.00%,Profitable,High
659,US-2023-154963,6/22/2023,6/27/2023,Standard Class,AA-10645,Anna Andreadi,Consumer,United States,Chester,Pennsylvania,19013,East,FUR-CH-10000454,Furniture,Chairs,"Hon Deluxe Fabric Upholstered Stacking Chairs, Rounded Back",853.93,5,0.3,0,Jun,2023,23-Jun,0.00%,Loss,High
662,US-2023-124646,6/22/2023,6/24/2023,First Class,DV-13465,Dianna Vittorini,Consumer,United States,Minneapolis,Minnesota,55407,Central,OFF-ST-10001097,Office Supplies,Storage,Office Impressions Heavy Duty Welded Shelving & Multimedia Storage Drawers,501.81,3,0,0,Jun,2023,23-Jun,0.00%,Loss,High
677,US-2023-140858,6/28/2023,7/2/2023,Standard Class,CA-12775,Cynthia Arntzen,Consumer,United States,Philadelphia,Pennsylvania,19140,East,FUR-CH-10001394,Furniture,Chairs,Global Leather Executive Chair,1228.47,5,0.3,0,Jun,2023,23-Jun,0.00%,Loss,High
695,US-2023-160773,7/1/2023,7/5/2023,Standard Class,LW-16825,Laurel Workman,Corporate,United States,Deltona,Florida,32725,South,TEC-PH-10004586,Technology,Phones,Wilson SignalBoost 841262 DB PRO Amplifier Kit,575.92,2,0.2,71.99,Jul,2023,23-Jul,12.50%,Profitable,High
713,US-2023-134278,7/6/2023,7/8/2023,First Class,EP-13915,Emily Phan,Consumer,United States,New York City,New York,10011,East,TEC-CO-10001046,Technology,Copiers,Canon Imageclass D680 Copier / Fax,559.99,1,0.2,175,Jul,2023,23-Jul,31.30%,Profitable,High
717,US-2023-100090,7/8/2023,7/12/2023,Standard Class,EB-13705,Ed Braxton,Corporate,United States,San Francisco,California,94122,West,FUR-TA-10003715,Furniture,Tables,Hon 2111 Invitation Series Corner Table,502.49,3,0.2,-87.94,Jul,2023,23-Jul,-17.50%,Loss,High
728,US-2023-163552,7/11/2023,7/15/2023,Standard Class,LA-16780,Laura Armstrong,Corporate,United States,Hackensack,New Jersey,7601,East,FUR-CH-10003379,Furniture,Chairs,Global Commerce Series High-Back Swivel/Tilt Chairs,854.94,3,0,213.74,Jul,2023,23-Jul,25.00%,Profitable,High
735,US-2023-123225,7/11/2023,7/14/2023,First Class,MN-17935,Michael Nguyen,Consumer,United States,El Paso,Texas,79907,Central,TEC-PH-10000895,Technology,Phones,Polycom VVX 310 VoIP phone,575.97,4,0.2,43.2,Jul,2023,23-Jul,7.50%,Profitable,High
739,US-2023-161508,7/12/2023,7/16/2023,Standard Class,PV-18985,Paul Van Hugh,Home Office,United States,League City,Texas,77573,Central,FUR-CH-10002126,Furniture,Chairs,Hon Deluxe Fabric Upholstered Stacking Chairs,512.36,3,0.3,-14.64,Jul,2023,23-Jul,-2.90%,Loss,High
740,US-2023-129924,7/12/2023,7/17/2023,Standard Class,AC-10420,Alyssa Crouse,Corporate,United States,San Francisco,California,94122,West,FUR-TA-10004575,Furniture,Tables,Hon 5100 Series Wood Tables,698.35,3,0.2,-17.46,Jul,2023,23-Jul,-2.50%,Loss,High
769,US-2023-143903,7/20/2023,7/24/2023,Standard Class,KM-16375,Katherine Murray,Home Office,United States,Dallas,Texas,75217,Central,FUR-CH-10002024,Furniture,Chairs,HON 5400 Series Task Chairs for Big and Tall,981.37,2,0.3,-140.2,Jul,2023,23-Jul,-14.30%,Loss,High
780,US-2023-127866,7/20/2023,7/23/2023,First Class,JD-15895,Jonathan Doherty,Corporate,United States,Riverside,California,92503,West,OFF-ST-10001490,Office Supplies,Storage,"Hot File 7-Pocket, Floor Stand",535.41,3,0,160.62,Jul,2023,23-Jul,30.00%,Profitable,High
784,US-2023-116932,7/21/2023,7/25/2023,Standard Class,ME-18010,Michelle Ellison,Corporate,United States,San Francisco,California,94122,West,FUR-CH-10001215,Furniture,Chairs,Global Troy Executive Leather Low-Back Tilter,801.57,2,0.2,50.1,Jul,2023,23-Jul,6.30%,Profitable,High
785,US-2023-129189,7/21/2023,7/25/2023,Standard Class,HM-14860,Harry Marie,Corporate,United States,Dallas,Texas,75217,Central,FUR-CH-10004997,Furniture,Chairs,Hon Every-Day Series Multi-Task Chairs,657.93,5,0.3,-93.99,Jul,2023,23-Jul,-14.30%,Loss,High
792,US-2023-117464,7/22/2023,7/24/2023,Second Class,NP-18325,Naresj Patel,Consumer,United States,San Francisco,California,94122,West,FUR-CH-10000155,Furniture,Chairs,Global Comet Stacking Armless Chair,717.72,3,0.2,71.77,Jul,2023,23-Jul,10.00%,Profitable,High
806,US-2023-119137,7/23/2023,7/27/2023,Standard Class,AG-10900,Arthur Gainer,Consumer,United States,Tucson,Arizona,85705,West,TEC-AC-10003911,Technology,Accessories,NETGEAR AC1750 Dual Band Gigabit Smart WiFi Router,1023.94,8,0.2,179.19,Jul,2023,23-Jul,17.50%,Profitable,High
807,US-2023-145254,7/23/2023,7/27/2023,Standard Class,NC-18535,Nick Crebassa,Corporate,United States,San Francisco,California,94122,West,TEC-PH-10000441,Technology,Phones,VTech DS6151,604.75,6,0.2,60.48,Jul,2023,23-Jul,10.00%,Profitable,High
812,US-2023-143917,7/25/2023,7/27/2023,Second Class,KL-16645,Ken Lonsdale,Consumer,United States,San Francisco,California,94122,West,OFF-SU-10000151,Office Supplies,Supplies,High Speed Automatic Electric Letter Opener,8187.65,5,0,327.51,Jul,2023,23-Jul,4.00%,Profitable,High
815,US-2023-126760,7/26/2023,8/2/2023,Standard Class,KM-16720,Kunst Miller,Consumer,United States,North Las Vegas,Nevada,89031,West,FUR-CH-10003312,Furniture,Chairs,Hon 2090 “Pillow Soft” Series Mid Back Swivel/Tilt Chairs,674.35,3,0.2,-109.58,Jul,2023,23-Jul,-16.30%,Loss,High
822,US-2023-169019,7/26/2023,7/30/2023,Standard Class,LF-17185,Luke Foster,Consumer,United States,San Antonio,Texas,78207,Central,OFF-BI-10004995,Office Supplies,Binders,GBC DocuBind P400 Electric Binding System,2177.58,8,0.8,-3701.89,Jul,2023,23-Jul,-170.00%,Loss,High
828,US-2023-126760,7/26/2023,8/2/2023,Standard Class,KM-16720,Kunst Miller,Consumer,United States,North Las Vegas,Nevada,89031,West,TEC-PH-10001363,Technology,Phones,Apple iPhone 5S,911.98,2,0.2,114,Jul,2023,23-Jul,12.50%,Profitable,High
835,US-2023-111192,7/30/2023,8/5/2023,Standard Class,TS-21430,Tom Stivers,Corporate,United States,Seattle,Washington,98103,West,FUR-BO-10002916,Furniture,Bookcases,"Rush Hierlooms Collection 1"" Thick Stackable Bookcases",1367.84,8,0,259.89,Jul,2023,23-Jul,19.00%,Profitable,High
843,US-2023-106299,8/2/2023,8/8/2023,Standard Class,NZ-18565,Nick Zandusky,Home Office,United States,Springfield,Missouri,65807,Central,OFF-ST-10002011,Office Supplies,Storage,Smead Adjustable Mobile File Trolley with Lockable Top,838.38,2,0,226.36,Aug,2023,23-Aug,27.00%,Profitable,High
852,US-2023-126361,8/4/2023,8/9/2023,Second Class,VD-21670,Valerie Dominguez,Consumer,United States,Pleasant Grove,Utah,84062,West,OFF-AP-10003590,Office Supplies,Appliances,Hoover WindTunnel Plus Canister Vacuum,1089.75,3,0,305.13,Aug,2023,23-Aug,28.00%,Profitable,High
860,US-2023-117968,8/5/2023,8/7/2023,Second Class,RS-19420,Ricardo Sperren,Corporate,United States,Meriden,Connecticut,6450,East,FUR-CH-10002335,Furniture,Chairs,Hon GuestStacker Chair,1133.35,5,0,294.67,Aug,2023,23-Aug,26.00%,Profitable,High
883,US-2023-124478,8/8/2023,8/12/2023,Standard Class,MA-17560,Matt Abelman,Home Office,United States,Trenton,Michigan,48183,Central,TEC-CO-10001571,Technology,Copiers,Sharp 1540cs Digital Laser Copier,549.99,1,0,275,Aug,2023,23-Aug,50.00%,Profitable,High
884,US-2023-131450,8/8/2023,8/15/2023,Standard Class,LR-16915,Lena Radford,Consumer,United States,San Diego,California,92024,West,TEC-CO-10004115,Technology,Copiers,Sharp AL-1530CS Digital Copier,1199.98,3,0.2,434.99,Aug,2023,23-Aug,36.30%,Profitable,High
891,US-2023-169726,8/9/2023,8/13/2023,Standard Class,JH-15985,Joseph Holt,Consumer,United States,Seattle,Washington,98103,West,OFF-BI-10004600,Office Supplies,Binders,Ibico Ibimaster 300 Manual Binding System,2060.74,7,0.2,643.98,Aug,2023,23-Aug,31.30%,Profitable,High
897,US-2023-166471,8/9/2023,8/13/2023,Standard Class,MG-17650,Matthew Grinstein,Home Office,United States,Seattle,Washington,98103,West,TEC-PH-10001530,Technology,Phones,Cisco Unified IP Phone 7945G VoIP phone,1091.17,4,0.2,68.2,Aug,2023,23-Aug,6.30%,Profitable,High
913,US-2023-109897,8/12/2023,8/16/2023,Standard Class,BW-11200,Ben Wallace,Consumer,United States,San Francisco,California,94122,West,TEC-PH-10003691,Technology,Phones,BlackBerry Q10,806.34,8,0.2,50.4,Aug,2023,23-Aug,6.30%,Profitable,High
923,US-2023-142839,8/16/2023,8/20/2023,Standard Class,TS-21610,Troy Staebel,Consumer,United States,Philadelphia,Pennsylvania,19143,East,FUR-TA-10001539,Furniture,Tables,Chromcraft Rectangular Conference Tables,853.09,6,0.4,-227.49,Aug,2023,23-Aug,-26.70%,Loss,High
929,US-2023-156559,8/19/2023,8/26/2023,Standard Class,LH-16900,Lena Hernandez,Consumer,United States,Jonesboro,Arkansas,72401,South,FUR-BO-10000711,Furniture,Bookcases,"Hon Metal Bookcases, Gray",638.82,9,0,172.48,Aug,2023,23-Aug,27.00%,Profitable,High
938,US-2023-114321,8/20/2023,8/25/2023,Standard Class,NC-18535,Nick Crebassa,Corporate,United States,Hampton,Virginia,23666,South,FUR-CH-10001797,Furniture,Chairs,"Safco Chair Connectors, 6/Carton",500.24,13,0,145.07,Aug,2023,23-Aug,29.00%,Profitable,High
940,US-2023-114321,8/20/2023,8/25/2023,Standard Class,NC-18535,Nick Crebassa,Corporate,United States,Hampton,Virginia,23666,South,OFF-BI-10001359,Office Supplies,Binders,GBC DocuBind TL300 Electric Binding System,896.99,1,0,421.59,Aug,2023,23-Aug,47.00%,Profitable,High
972,US-2023-103660,8/25/2023,8/30/2023,Standard Class,MW-18220,Mitch Webber,Consumer,United States,Seattle,Washington,98103,West,TEC-PH-10000895,Technology,Phones,Polycom VVX 310 VoIP phone,1007.94,7,0.2,75.6,Aug,2023,23-Aug,7.50%,Profitable,High
980,US-2023-124688,8/27/2023,8/29/2023,First Class,CC-12610,Corey Catlett,Corporate,United States,Springfield,Virginia,22153,South,FUR-TA-10003569,Furniture,Tables,Bretford CR8500 Series Meeting Room Furniture,1202.94,3,0,300.74,Aug,2023,23-Aug,25.00%,Profitable,High
984,US-2023-124688,8/27/2023,8/29/2023,First Class,CC-12610,Corey Catlett,Corporate,United States,Springfield,Virginia,22153,South,TEC-PH-10000455,Technology,Phones,GE 30522EE2,579.95,5,0,168.19,Aug,2023,23-Aug,29.00%,Profitable,High
987,US-2023-169775,8/29/2023,9/2/2023,Second Class,RA-19945,Ryan Akin,Consumer,United States,Miami,Florida,33178,South,OFF-BI-10004390,Office Supplies,Binders,GBC DocuBind 200 Manual Binding Machine,505.18,4,0.7,-336.78,Aug,2023,23-Aug,-66.70%,Loss,High
1003,US-2023-152268,9/2/2023,9/7/2023,Standard Class,SC-20095,Sanjit Chand,Consumer,United States,Fayetteville,Arkansas,72701,South,OFF-BI-10001359,Office Supplies,Binders,GBC DocuBind TL300 Electric Binding System,1793.98,2,0,843.17,Sep,2023,23-Sep,47.00%,Profitable,High
1007,US-2023-158281,9/2/2023,9/7/2023,Standard Class,AG-10525,Andy Gerbode,Corporate,United States,Houston,Texas,77095,Central,TEC-MA-10002210,Technology,Machines,Epson TM-T88V Direct Thermal Printer - Monochrome - Desktop,559.71,3,0.4,-121.27,Sep,2023,23-Sep,-21.70%,Loss,High
1017,US-2023-131002,9/7/2023,9/12/2023,Second Class,TB-21400,Tom Boeckenhauer,Consumer,United States,Tulsa,Oklahoma,74133,Central,FUR-FU-10004665,Furniture,Furnishings,"3M Polarizing Task Lamp with Clamp Arm, Light Gray",821.88,6,0,213.69,Sep,2023,23-Sep,26.00%,Profitable,High
1039,US-2023-107818,9/8/2023,9/14/2023,Standard Class,MC-17275,Marc Crier,Consumer,United States,Pasco,Washington,99301,West,FUR-CH-10000454,Furniture,Chairs,"Hon Deluxe Fabric Upholstered Stacking Chairs, Rounded Back",975.92,5,0.2,121.99,Sep,2023,23-Sep,12.50%,Profitable,High
1040,US-2023-139892,9/8/2023,9/12/2023,Standard Class,BM-11140,Becky Martin,Consumer,United States,San Antonio,Texas,78207,Central,FUR-CH-10004287,Furniture,Chairs,SAFCO Arco Folding Chair,1740.06,9,0.3,-24.86,Sep,2023,23-Sep,-1.40%,Loss,High
1041,US-2023-146283,9/8/2023,9/15/2023,Standard Class,KT-16465,Kean Takahito,Consumer,United States,Houston,Texas,77036,Central,FUR-CH-10004287,Furniture,Chairs,SAFCO Arco Folding Chair,966.7,5,0.3,-13.81,Sep,2023,23-Sep,-1.40%,Loss,High
1064,US-2023-139892,9/8/2023,9/12/2023,Standard Class,BM-11140,Becky Martin,Consumer,United States,San Antonio,Texas,78207,Central,TEC-MA-10000822,Technology,Machines,Lexmark MX611dhe Monochrome Laser Printer,8159.95,8,0.4,-1359.99,Sep,2023,23-Sep,-16.70%,Loss,High
1066,US-2023-126403,9/9/2023,9/12/2023,Second Class,RR-19525,Rick Reed,Corporate,United States,Lowell,Massachusetts,1852,East,FUR-CH-10003761,Furniture,Chairs,Global Italian Leather Office Chair,785.88,6,0,212.19,Sep,2023,23-Sep,27.00%,Profitable,High
1075,US-2023-126403,9/9/2023,9/12/2023,Second Class,RR-19525,Rick Reed,Corporate,United States,Lowell,Massachusetts,1852,East,OFF-ST-10000078,Office Supplies,Storage,Tennsco 6- and 18-Compartment Lockers,1325.85,5,0,238.65,Sep,2023,23-Sep,18.00%,Profitable,High
1077,US-2023-115196,9/9/2023,9/13/2023,Standard Class,DL-12925,Daniel Lacy,Consumer,United States,Greenville,North Carolina,27834,South,TEC-MA-10002073,Technology,Machines,"3D Systems Cube Printer, 2nd Generation, White",1299.99,2,0.5,-572,Sep,2023,23-Sep,-44.00%,Loss,High
1079,US-2023-125731,9/10/2023,9/16/2023,Standard Class,CL-12565,Clay Ludtke,Consumer,United States,Gresham,Oregon,97030,West,FUR-CH-10003973,Furniture,Chairs,GuestStacker Chair with Chrome Finish Legs,1487.04,5,0.2,148.7,Sep,2023,23-Sep,10.00%,Profitable,High
1086,US-2023-116246,9/12/2023,9/17/2023,Second Class,LW-17215,Luke Weiss,Consumer,United States,New York City,New York,10035,East,FUR-CH-10002024,Furniture,Chairs,HON 5400 Series Task Chairs for Big and Tall,3785.29,6,0.1,420.59,Sep,2023,23-Sep,11.10%,Profitable,High
1117,US-2023-160766,9/14/2023,9/14/2023,Same Day,DM-13015,Darrin Martin,Consumer,United States,New York City,New York,10009,East,OFF-AP-10002945,Office Supplies,Appliances,Honeywell Enviracaire Portable HEPA Air Cleaner for 17' x 22' Room,601.3,2,0,198.43,Sep,2023,23-Sep,33.00%,Profitable,High
1128,US-2023-160766,9/14/2023,9/14/2023,Same Day,DM-13015,Darrin Martin,Consumer,United States,New York City,New York,10009,East,TEC-MA-10003979,Technology,Machines,Ativa V4110MDD Micro-Cut Shredder,2799.96,4,0,1371.98,Sep,2023,23-Sep,49.00%,Profitable,High
1149,US-2023-168130,9/19/2023,9/19/2023,Same Day,BS-11365,Bill Shonely,Corporate,United States,New York City,New York,10011,East,FUR-CH-10000988,Furniture,Chairs,Hon Olson Stacker Stools,887.1,7,0.1,177.42,Sep,2023,23-Sep,20.00%,Profitable,High
1155,US-2023-106992,9/19/2023,9/21/2023,Second Class,SB-20290,Sean Braxton,Corporate,United States,Houston,Texas,77036,Central,TEC-MA-10000822,Technology,Machines,Lexmark MX611dhe Monochrome Laser Printer,3059.98,3,0.4,-510,Sep,2023,23-Sep,-16.70%,Loss,High
1156,US-2023-127299,9/19/2023,9/24/2023,Standard Class,JL-15835,John Lee,Consumer,United States,Charlotte,North Carolina,28205,South,TEC-MA-10001127,Technology,Machines,"HP Designjet T520 Inkjet Large Format Printer - 24"" Color",2624.99,3,0.5,-944.99,Sep,2023,23-Sep,-36.00%,Loss,High
1157,US-2023-106992,9/19/2023,9/21/2023,Second Class,SB-20290,Sean Braxton,Corporate,United States,Houston,Texas,77036,Central,TEC-MA-10003353,Technology,Machines,Xerox WorkCentre 6505DN Laser Multifunction Printer,2519.96,7,0.4,-252,Sep,2023,23-Sep,-10.00%,Loss,High
1159,US-2023-125997,9/20/2023,9/23/2023,First Class,MW-18220,Mitch Webber,Consumer,United States,New York City,New York,10011,East,FUR-BO-10002213,Furniture,Bookcases,DMI Eclipse Executive Suite Bookcases,801.57,2,0.2,-10.02,Sep,2023,23-Sep,-1.30%,Loss,High
1161,US-2023-125997,9/20/2023,9/23/2023,First Class,MW-18220,Mitch Webber,Consumer,United States,New York City,New York,10011,East,FUR-CH-10001394,Furniture,Chairs,Global Leather Executive Chair,631.78,2,0.1,140.4,Sep,2023,23-Sep,22.20%,Profitable,High
1163,US-2023-134614,9/20/2023,9/25/2023,Standard Class,PF-19165,Philip Fox,Consumer,United States,Bloomington,Illinois,61701,Central,FUR-TA-10004534,Furniture,Tables,Bevis 44 x 96 Conference Tables,617.7,6,0.5,-407.68,Sep,2023,23-Sep,-66.00%,Loss,High
1174,US-2023-125997,9/20/2023,9/23/2023,First Class,MW-18220,Mitch Webber,Consumer,United States,New York City,New York,10011,East,TEC-PH-10003072,Technology,Phones,Panasonic KX-TG9541B DECT 6.0 Digital 2-Line Expandable Cordless Phone With Digital Answering System,1349.91,9,0,661.46,Sep,2023,23-Sep,49.00%,Profitable,High
1175,US-2023-125997,9/20/2023,9/23/2023,First Class,MW-18220,Mitch Webber,Consumer,United States,New York City,New York,10011,East,TEC-PH-10003484,Technology,Phones,Ooma Telo VoIP Home Phone System,629.95,5,0,157.49,Sep,2023,23-Sep,25.00%,Profitable,High
1190,US-2023-135972,9/21/2023,9/23/2023,Second Class,JG-15115,Jack Garza,Consumer,United States,Des Moines,Washington,98198,West,TEC-CO-10002313,Technology,Copiers,Canon PC1080F Personal Copier,1799.97,3,0,701.99,Sep,2023,23-Sep,39.00%,Profitable,High
1193,US-2023-156160,9/22/2023,9/29/2023,Standard Class,AS-10090,Adam Shillingsburg,Consumer,United States,New York City,New York,10035,East,FUR-CH-10004983,Furniture,Chairs,Office Star - Mid Back Dual function Ergonomic High Back Chair with 2-Way Adjustable Arms,579.53,4,0.1,83.71,Sep,2023,23-Sep,14.40%,Profitable,High
1204,US-2023-116904,9/23/2023,9/28/2023,Standard Class,SC-20095,Sanjit Chand,Consumer,United States,Minneapolis,Minnesota,55407,Central,OFF-BI-10001120,Office Supplies,Binders,Ibico EPK-21 Electric Binding System,9449.95,5,0,4630.48,Sep,2023,23-Sep,49.00%,Profitable,High
1221,US-2023-132451,9/26/2023,9/27/2023,First Class,KF-16285,Karen Ferguson,Home Office,United States,San Diego,California,92105,West,FUR-CH-10000454,Furniture,Chairs,"Hon Deluxe Fabric Upholstered Stacking Chairs, Rounded Back",585.55,3,0.2,73.19,Sep,2023,23-Sep,12.50%,Profitable,High
1234,US-2023-133130,9/27/2023,10/1/2023,Standard Class,TH-21100,Thea Hendricks,Consumer,United States,San Diego,California,92037,West,FUR-CH-10002602,Furniture,Chairs,DMI Arturo Collection Mission-style Design Wood Chair,603.92,5,0.2,45.29,Sep,2023,23-Sep,7.50%,Profitable,High
1245,US-2023-126683,9/29/2023,10/1/2023,Second Class,PP-18955,Paul Prost,Home Office,United States,Seattle,Washington,98115,West,FUR-TA-10002958,Furniture,Tables,"Bevis Oval Conference Table, Walnut",2348.82,9,0,399.3,Sep,2023,23-Sep,17.00%,Profitable,High
1256,US-2023-111962,9/29/2023,10/4/2023,Standard Class,EB-14170,Evan Bailliet,Consumer,United States,Seattle,Washington,98115,West,OFF-ST-10000046,Office Supplies,Storage,Fellowes Super Stor/Drawer Files,807.75,5,0,153.47,Sep,2023,23-Sep,19.00%,Profitable,High
1257,US-2023-124856,9/29/2023,10/3/2023,Second Class,LD-17005,Lisa DeCherney,Consumer,United States,New York City,New York,10011,East,OFF-ST-10002615,Office Supplies,Storage,"Dual Level, Single-Width Filing Carts",1395.54,9,0,362.84,Sep,2023,23-Sep,26.00%,Profitable,High
1259,US-2023-122931,9/29/2023,10/3/2023,Standard Class,SM-20950,Suzanne McNair,Corporate,United States,Philadelphia,Pennsylvania,19134,East,OFF-ST-10004459,Office Supplies,Storage,Tennsco Single-Tier Lockers,1801.63,6,0.2,-337.81,Sep,2023,23-Sep,-18.80%,Loss,High
1260,US-2023-146969,9/29/2023,10/3/2023,Standard Class,AP-10915,Arthur Prichep,Consumer,United States,Los Angeles,California,90045,West,TEC-MA-10004241,Technology,Machines,Star Micronics TSP800 TSP847IIU Receipt Printer,686.32,2,0.2,223.05,Sep,2023,23-Sep,32.50%,Profitable,High
1263,US-2023-141649,9/30/2023,9/30/2023,Same Day,DM-12955,Dario Medina,Corporate,United States,Fairfield,Ohio,45014,East,OFF-AP-10003217,Office Supplies,Appliances,Eureka Sanitaire  Commercial Upright,795.41,6,0.2,59.66,Sep,2023,23-Sep,7.50%,Profitable,High
1288,US-2023-166891,10/4/2023,10/6/2023,First Class,CC-12220,Chris Cortes,Consumer,United States,New York City,New York,10024,East,FUR-CH-10003298,Furniture,Chairs,"Office Star - Contemporary Task Swivel chair with Loop Arms, Charcoal",589.41,5,0.1,-6.55,Oct,2023,23-Oct,-1.10%,Loss,High
1319,US-2023-103492,10/10/2023,10/15/2023,Standard Class,CM-12715,Craig Molinari,Corporate,United States,Huntsville,Texas,77340,Central,TEC-PH-10001128,Technology,Phones,Motorola Droid Maxx,719.95,6,0.2,72,Oct,2023,23-Oct,10.00%,Profitable,High
1320,US-2023-103492,10/10/2023,10/15/2023,Standard Class,CM-12715,Craig Molinari,Corporate,United States,Huntsville,Texas,77340,Central,TEC-PH-10004667,Technology,Phones,Cisco 8x8 Inc. 6753i IP Business Phone System,755.94,7,0.2,66.15,Oct,2023,23-Oct,8.70%,Profitable,High
1334,US-2023-151995,10/13/2023,10/15/2023,First Class,ZC-21910,Zuschuss Carroll,Consumer,United States,Edmonds,Washington,98026,West,FUR-TA-10002903,Furniture,Tables,"Bevis Round Bullnose 29"" High Table Top",1298.55,5,0,311.65,Oct,2023,23-Oct,24.00%,Profitable,High
1344,US-2023-151330,10/14/2023,10/17/2023,First Class,TC-21295,Toby Carlisle,Consumer,United States,Everett,Massachusetts,2149,East,FUR-CH-10000749,Furniture,Chairs,Office Star - Ergonomic Mid Back Chair with 2-Way Adjustable Arms,1628.82,9,0,260.61,Oct,2023,23-Oct,16.00%,Profitable,High
1353,US-2023-163748,10/14/2023,10/18/2023,Standard Class,HG-15025,Hunter Glantz,Consumer,United States,Fort Worth,Texas,76106,Central,TEC-CO-10002095,Technology,Copiers,Hewlett Packard 610 Color Digital Copier / Printer,1999.96,5,0.2,624.99,Oct,2023,23-Oct,31.30%,Profitable,High
1362,US-2023-110408,10/18/2023,10/20/2023,Second Class,AS-10225,Alan Schoenberger,Corporate,United States,Montgomery,Alabama,36116,South,FUR-CH-10003774,Furniture,Chairs,"Global Wood Trimmed Manager's Task Chair, Khaki",545.88,6,0,70.96,Oct,2023,23-Oct,13.00%,Profitable,High
1363,US-2023-115084,10/18/2023,10/22/2023,Standard Class,LS-17200,Luke Schmidt,Corporate,United States,Texarkana,Arkansas,71854,South,FUR-CH-10004626,Furniture,Chairs,Office Star Flex Back Scooter Chair with Aluminum Finish Frame,605.34,6,0,145.28,Oct,2023,23-Oct,24.00%,Profitable,High
1370,US-2023-110408,10/18/2023,10/20/2023,Second Class,AS-10225,Alan Schoenberger,Corporate,United States,Montgomery,Alabama,36116,South,TEC-PH-10002352,Technology,Phones,Avaya IP Phone 1140E VoIP phone,1394.95,5,0,362.69,Oct,2023,23-Oct,26.00%,Profitable,High
1387,US-2023-137092,10/20/2023,10/22/2023,Second Class,LS-16975,Lindsay Shagiari,Home Office,United States,Chicago,Illinois,60653,Central,OFF-ST-10003805,Office Supplies,Storage,"24 Capacity Maxi Data Binder Racks, Pearl",505.32,3,0.2,31.58,Oct,2023,23-Oct,6.20%,Profitable,High
1390,US-2023-100916,10/21/2023,10/26/2023,Standard Class,FH-14275,Frank Hawley,Corporate,United States,Newport News,Virginia,23602,South,FUR-TA-10004607,Furniture,Tables,Hon 2111 Invitation Series Straight Table,591.32,4,0,112.35,Oct,2023,23-Oct,19.00%,Profitable,High
1407,US-2023-101931,10/28/2023,10/31/2023,First Class,TS-21370,Todd Sumrall,Corporate,United States,Los Angeles,California,90049,West,FUR-BO-10001337,Furniture,Bookcases,O'Sullivan Living Dimensions 2-Shelf Bookcases,617,6,0.15,-36.29,Oct,2023,23-Oct,-5.90%,Loss,High
1415,US-2023-154627,10/29/2023,10/31/2023,First Class,SA-20830,Sue Ann Reed,Consumer,United States,Chicago,Illinois,60610,Central,TEC-PH-10001363,Technology,Phones,Apple iPhone 5S,2735.95,6,0.2,341.99,Oct,2023,23-Oct,12.50%,Profitable,High
1416,US-2023-145387,10/31/2023,11/2/2023,Second Class,AM-10705,Anne McFarland,Consumer,United States,Cranston,Rhode Island,2920,East,FUR-CH-10002320,Furniture,Chairs,Hon Pagoda Stacking Chairs,1604.9,5,0,481.47,Oct,2023,23-Oct,30.00%,Profitable,High
1421,US-2023-108609,10/31/2023,11/2/2023,Second Class,AJ-10780,Anthony Jacobs,Corporate,United States,Lorain,Ohio,44052,East,FUR-TA-10003954,Furniture,Tables,Hon 94000 Series Round Tables,1421.66,8,0.4,-734.53,Oct,2023,23-Oct,-51.70%,Loss,High
1433,US-2023-167262,10/31/2023,11/3/2023,Second Class,AC-10450,Amy Cox,Consumer,United States,Avondale,Arizona,85323,West,TEC-PH-10000486,Technology,Phones,Plantronics HL10 Handset Lifter,742.34,8,0.2,83.51,Oct,2023,23-Oct,11.30%,Profitable,High
1437,US-2023-137155,11/1/2023,11/5/2023,Standard Class,DL-12925,Daniel Lacy,Consumer,United States,Long Beach,New York,11561,East,OFF-AP-10002518,Office Supplies,Appliances,Kensington 7 Outlet MasterPiece Power Center,533.94,3,0,154.84,Nov,2023,23-Nov,29.00%,Profitable,High
1453,US-2023-134313,11/1/2023,11/7/2023,Standard Class,RA-19915,Russell Applegate,Consumer,United States,Denver,Colorado,80219,West,TEC-PH-10001795,Technology,Phones,ClearOne CHATAttach 160 - speaker phone,1983.97,4,0.2,248,Nov,2023,23-Nov,12.50%,Profitable,High
1454,US-2023-102673,11/1/2023,11/5/2023,Standard Class,KH-16630,Ken Heidel,Corporate,United States,Charlotte,North Carolina,28205,South,TEC-PH-10004434,Technology,Phones,Cisco IP Phone 7961G VoIP phone - Dark gray,978.84,9,0.2,110.12,Nov,2023,23-Nov,11.30%,Profitable,High
1460,US-2023-120670,11/2/2023,11/6/2023,Standard Class,JK-16120,Julie Kriz,Home Office,United States,Fort Lauderdale,Florida,33311,South,TEC-AC-10004171,Technology,Accessories,Razer Kraken 7.1 Surround Sound Over Ear USB Gaming Headset,799.92,10,0.2,239.98,Nov,2023,23-Nov,30.00%,Profitable,High
1461,US-2023-129147,11/2/2023,11/6/2023,Standard Class,LC-17050,Liz Carlisle,Consumer,United States,Medina,Ohio,44256,East,TEC-PH-10001299,Technology,Phones,Polycom CX300 Desktop Phone USB VoIP phone,539.96,6,0.4,-107.99,Nov,2023,23-Nov,-20.00%,Loss,High
1467,US-2023-165764,11/3/2023,11/7/2023,Standard Class,SH-20395,Shahid Hopkins,Consumer,United States,Jacksonville,North Carolina,28540,South,FUR-TA-10001768,Furniture,Tables,Hon Racetrack Conference Tables,945.04,6,0.4,-299.26,Nov,2023,23-Nov,-31.70%,Loss,High
1479,US-2023-121573,11/3/2023,11/7/2023,Standard Class,SG-20605,Speros Goranitis,Consumer,United States,New York City,New York,10009,East,TEC-PH-10000984,Technology,Phones,Panasonic KX-TG9471B,783.96,4,0,219.51,Nov,2023,23-Nov,28.00%,Profitable,High
1482,US-2023-125829,11/4/2023,11/11/2023,Standard Class,WB-21850,William Brown,Consumer,United States,Los Angeles,California,90045,West,FUR-TA-10002041,Furniture,Tables,"Bevis Round Conference Table Top, X-Base",573.73,4,0.2,-64.54,Nov,2023,23-Nov,-11.30%,Loss,High
1491,US-2023-164973,11/4/2023,11/9/2023,Standard Class,NM-18445,Nathan Mautz,Home Office,United States,New York City,New York,10024,East,TEC-MA-10002927,Technology,Machines,Canon imageCLASS MF7460 Monochrome Digital Laser Multifunction Copier,3991.98,2,0,1995.99,Nov,2023,23-Nov,50.00%,Profitable,High
1493,US-2023-125829,11/4/2023,11/11/2023,Standard Class,WB-21850,William Brown,Consumer,United States,Los Angeles,California,90045,West,TEC-PH-10001079,Technology,Phones,Polycom SoundPoint Pro SE-225 Corded phone,666.34,7,0.2,66.63,Nov,2023,23-Nov,10.00%,Profitable,High
1499,US-2023-114251,11/5/2023,11/10/2023,Standard Class,MD-17350,Maribeth Dona,Consumer,United States,Philadelphia,Pennsylvania,19143,East,OFF-ST-10003716,Office Supplies,Storage,Tennsco Double-Tier Lockers,1080.1,6,0.2,-94.51,Nov,2023,23-Nov,-8.80%,Loss,High
1504,US-2023-159310,11/7/2023,11/12/2023,Standard Class,SC-20725,Steven Cartwright,Consumer,United States,Houston,Texas,77070,Central,FUR-CH-10002758,Furniture,Chairs,"Hon Deluxe Fabric Upholstered Stacking Chairs, Squared Back",683.14,4,0.3,0,Nov,2023,23-Nov,0.00%,Loss,High
1525,US-2023-144666,11/9/2023,11/11/2023,Second Class,JP-15520,Jeremy Pistek,Consumer,United States,San Francisco,California,94110,West,TEC-PH-10002680,Technology,Phones,Samsung Galaxy Note 3,703.97,4,0.2,88,Nov,2023,23-Nov,12.50%,Profitable,High
1526,US-2023-121006,11/10/2023,11/16/2023,Standard Class,SC-20020,Sam Craven,Consumer,United States,Midland,Michigan,48640,Central,FUR-CH-10004997,Furniture,Chairs,Hon Every-Day Series Multi-Task Chairs,563.94,3,0,112.79,Nov,2023,23-Nov,20.00%,Profitable,High
1534,US-2023-121006,11/10/2023,11/16/2023,Standard Class,SC-20020,Sam Craven,Consumer,United States,Midland,Michigan,48640,Central,OFF-ST-10001490,Office Supplies,Storage,"Hot File 7-Pocket, Floor Stand",535.41,3,0,160.62,Nov,2023,23-Nov,30.00%,Profitable,High
1537,US-2023-158372,11/10/2023,11/16/2023,Standard Class,RD-19900,Ruben Dartt,Consumer,United States,San Diego,California,92037,West,TEC-PH-10002103,Technology,Phones,Jabra SPEAK 410,601.54,8,0.2,60.15,Nov,2023,23-Nov,10.00%,Profitable,High
1538,US-2023-155796,11/11/2023,11/15/2023,Second Class,TS-21430,Tom Stivers,Corporate,United States,Reading,Pennsylvania,19601,East,FUR-BO-10002545,Furniture,Bookcases,"Atlantic Metals Mobile 3-Shelf Bookcases, Custom Colors",521.96,4,0.5,-250.54,Nov,2023,23-Nov,-48.00%,Loss,High
1539,US-2023-163419,11/11/2023,11/14/2023,Second Class,TZ-21580,Tracy Zic,Consumer,United States,Louisville,Colorado,80027,West,FUR-CH-10000665,Furniture,Chairs,"Global Airflow Leather Mesh Back Chair, Black",603.92,5,0.2,75.49,Nov,2023,23-Nov,12.50%,Profitable,High
1541,US-2023-140914,11/11/2023,11/15/2023,Standard Class,BH-11710,Brosina Hoffman,Consumer,United States,Chicago,Illinois,60653,Central,FUR-CH-10003379,Furniture,Chairs,Global Commerce Series High-Back Swivel/Tilt Chairs,797.94,4,0.3,-57,Nov,2023,23-Nov,-7.10%,Loss,High
1550,US-2023-165309,11/11/2023,11/15/2023,Standard Class,KD-16270,Karen Daniels,Consumer,United States,Houston,Texas,77095,Central,OFF-BI-10001359,Office Supplies,Binders,GBC DocuBind TL300 Electric Binding System,896.99,5,0.8,-1480.03,Nov,2023,23-Nov,-165.00%,Loss,High
1551,US-2023-128524,11/11/2023,11/13/2023,First Class,MZ-17515,Mary Zewe,Corporate,United States,Seattle,Washington,98115,West,OFF-BI-10003527,Office Supplies,Binders,Fellowes PB500 Electric Punch Plastic Comb Binding Machine with Manual Bind,2033.58,2,0.2,762.59,Nov,2023,23-Nov,37.50%,Profitable,High
1557,US-2023-105893,11/11/2023,11/18/2023,Standard Class,PK-19075,Pete Kriz,Consumer,United States,Madison,Wisconsin,53711,Central,OFF-ST-10004186,Office Supplies,Storage,"Stur-D-Stor Shelving, Vertical 5-Shelf: 72""H x 36""W x 18 1/2""D",665.88,6,0,13.32,Nov,2023,23-Nov,2.00%,Profitable,High
1560,US-2023-163419,11/11/2023,11/14/2023,Second Class,TZ-21580,Tracy Zic,Consumer,United States,Louisville,Colorado,80027,West,TEC-PH-10000560,Technology,Phones,Samsung Galaxy S III - 16GB - pebble blue (T-Mobile),559.98,2,0.2,56,Nov,2023,23-Nov,10.00%,Profitable,High
1561,US-2023-140732,11/11/2023,11/13/2023,Second Class,MA-17560,Matt Abelman,Home Office,United States,Los Angeles,California,90004,West,TEC-PH-10001425,Technology,Phones,Mophie Juice Pack Helium for iPhone,575.93,9,0.2,57.59,Nov,2023,23-Nov,10.00%,Profitable,High
1566,US-2023-151295,11/12/2023,11/16/2023,Standard Class,JA-15970,Joseph Airdo,Consumer,United States,Los Angeles,California,90045,West,FUR-TA-10002356,Furniture,Tables,Bevis Boat-Shaped Conference Table,629.06,3,0.2,31.45,Nov,2023,23-Nov,5.00%,Profitable,High
1582,US-2023-125556,11/14/2023,11/16/2023,Second Class,ML-17410,Maris LaWare,Consumer,United States,Fairfield,Connecticut,6824,East,TEC-PH-10001079,Technology,Phones,Polycom SoundPoint Pro SE-225 Corded phone,832.93,7,0,233.22,Nov,2023,23-Nov,28.00%,Profitable,High
1586,US-2023-128888,11/15/2023,11/22/2023,Standard Class,PB-19105,Peter Bühler,Consumer,United States,Houston,Texas,77095,Central,OFF-EN-10003001,Office Supplies,Envelopes,Ames Color-File Green Diamond Border X-ray Mailers,604.66,9,0.2,204.07,Nov,2023,23-Nov,33.80%,Profitable,High
1590,US-2023-127558,11/15/2023,11/18/2023,First Class,SS-20410,Shahid Shariari,Consumer,United States,Los Angeles,California,90008,West,TEC-AC-10003832,Technology,Accessories,Logitech P710e Mobile Speakerphone,772.47,3,0,146.77,Nov,2023,23-Nov,19.00%,Profitable,High
1601,US-2023-128209,11/17/2023,11/22/2023,Standard Class,GT-14710,Greg Tran,Consumer,United States,Buffalo,New York,14215,East,FUR-BO-10002213,Furniture,Bookcases,DMI Eclipse Executive Suite Bookcases,4007.84,10,0.2,-50.1,Nov,2023,23-Nov,-1.30%,Loss,High
1603,US-2023-159835,11/17/2023,11/24/2023,Standard Class,RB-19330,Randy Bradley,Consumer,United States,Philadelphia,Pennsylvania,19143,East,FUR-CH-10004997,Furniture,Chairs,Hon Every-Day Series Multi-Task Chairs,657.93,5,0.3,-93.99,Nov,2023,23-Nov,-14.30%,Loss,High
1607,US-2023-128209,11/17/2023,11/22/2023,Standard Class,GT-14710,Greg Tran,Consumer,United States,Buffalo,New York,14215,East,OFF-BI-10001359,Office Supplies,Binders,GBC DocuBind TL300 Electric Binding System,2152.78,3,0.2,726.56,Nov,2023,23-Nov,33.80%,Profitable,High
1610,US-2023-140662,11/17/2023,11/19/2023,First Class,TS-21205,Thomas Seio,Corporate,United States,San Francisco,California,94109,West,OFF-PA-10003395,Office Supplies,Paper,Xerox 1941,733.95,7,0,352.3,Nov,2023,23-Nov,48.00%,Profitable,High
1612,US-2023-119375,11/17/2023,11/22/2023,Standard Class,YC-21895,Yoseph Carroll,Corporate,United States,Newark,Delaware,19711,East,OFF-ST-10002011,Office Supplies,Storage,Smead Adjustable Mobile File Trolley with Lockable Top,2934.33,7,0,792.27,Nov,2023,23-Nov,27.00%,Profitable,High
1621,US-2023-124702,11/18/2023,11/25/2023,Standard Class,MH-17785,Maya Herman,Corporate,United States,Seattle,Washington,98105,West,FUR-TA-10003008,Furniture,Tables,"Lesro Round Back Collection Coffee Table, End Table",730.2,4,0,94.93,Nov,2023,23-Nov,13.00%,Profitable,High
1632,US-2023-159926,11/18/2023,11/22/2023,Standard Class,CS-11950,Carlos Soltero,Consumer,United States,Philadelphia,Pennsylvania,19140,East,TEC-PH-10001128,Technology,Phones,Motorola Droid Maxx,539.96,6,0.4,-107.99,Nov,2023,23-Nov,-20.00%,Loss,High
1634,US-2023-123183,11/19/2023,11/25/2023,Standard Class,GR-14560,Georgia Rosenberg,Corporate,United States,Wilmington,Delaware,19805,East,FUR-BO-10000362,Furniture,Bookcases,Sauder Inglewood Library Bookcases,1025.88,6,0,235.95,Nov,2023,23-Nov,23.00%,Profitable,High
1644,US-2023-144624,11/19/2023,11/23/2023,Standard Class,JM-15865,John Murray,Consumer,United States,Jamestown,New York,14701,East,TEC-PH-10002885,Technology,Phones,Apple iPhone 5,4548.81,7,0,1228.18,Nov,2023,23-Nov,27.00%,Profitable,High
1645,US-2023-158274,11/19/2023,11/24/2023,Second Class,RM-19675,Robert Marley,Home Office,United States,Monroe,Louisiana,71203,South,TEC-PH-10003273,Technology,Phones,AT&T TR1909W,503.96,4,0,131.03,Nov,2023,23-Nov,26.00%,Profitable,High
1650,US-2023-140396,11/20/2023,11/25/2023,Standard Class,KH-16330,Katharine Harms,Corporate,United States,New York City,New York,10024,East,TEC-PH-10004447,Technology,Phones,Toshiba IPT2010-SD IP Telephone,833.94,6,0,216.82,Nov,2023,23-Nov,26.00%,Profitable,High
1655,US-2023-102274,11/21/2023,11/26/2023,Standard Class,DH-13075,Dave Hallsten,Corporate,United States,Richmond,Kentucky,40475,South,OFF-PA-10004359,Office Supplies,Paper,Multicolor Computer Printout Paper,629.1,6,0,301.97,Nov,2023,23-Nov,48.00%,Profitable,High
1660,US-2023-129091,11/22/2023,11/27/2023,Standard Class,RA-19885,Ruben Ausman,Corporate,United States,Columbus,Georgia,31907,South,OFF-AP-10002734,Office Supplies,Appliances,Holmes Harmony HEPA Air Purifier for 17 x 20 Room,675.12,3,0,290.3,Nov,2023,23-Nov,43.00%,Profitable,High
1669,US-2023-157385,11/23/2023,11/25/2023,First Class,SC-20095,Sanjit Chand,Consumer,United States,Los Angeles,California,90004,West,FUR-CH-10000863,Furniture,Chairs,Novimex Swivel Fabric Task Chair,603.92,5,0.2,-67.94,Nov,2023,23-Nov,-11.30%,Loss,High
1680,US-2023-105984,11/24/2023,11/24/2023,Same Day,MY-18295,Muhammed Yedwab,Corporate,United States,Columbus,Ohio,43229,East,FUR-CH-10000847,Furniture,Chairs,Global Executive Mid-Back Manager's Chair,611.06,3,0.3,-34.92,Nov,2023,23-Nov,-5.70%,Loss,High
1694,US-2023-163034,11/24/2023,11/28/2023,Standard Class,DK-12985,Darren Koutras,Consumer,United States,Chicago,Illinois,60610,Central,OFF-ST-10000046,Office Supplies,Storage,Fellowes Super Stor/Drawer Files,646.2,5,0.2,-8.08,Nov,2023,23-Nov,-1.30%,Loss,High
1697,US-2023-105984,11/24/2023,11/24/2023,Same Day,MY-18295,Muhammed Yedwab,Corporate,United States,Columbus,Ohio,43229,East,TEC-PH-10000560,Technology,Phones,Samsung Galaxy S III - 16GB - pebble blue (T-Mobile),1049.97,5,0.4,-209.99,Nov,2023,23-Nov,-20.00%,Loss,High
1698,US-2023-153850,11/24/2023,11/29/2023,Standard Class,TH-21100,Thea Hendricks,Consumer,United States,Toledo,Ohio,43615,East,TEC-PH-10002584,Technology,Phones,Samsung Galaxy S4,1502.38,4,0.4,-250.4,Nov,2023,23-Nov,-16.70%,Loss,High
1702,US-2023-144078,11/25/2023,11/29/2023,Standard Class,RB-19435,Richard Bierner,Consumer,United States,Los Angeles,California,90004,West,FUR-CH-10002335,Furniture,Chairs,Hon GuestStacker Chair,725.34,4,0.2,54.4,Nov,2023,23-Nov,7.50%,Profitable,High
1706,US-2023-127446,11/25/2023,11/30/2023,Standard Class,MC-17590,Matt Collister,Corporate,United States,Arlington,Texas,76017,Central,FUR-TA-10000577,Furniture,Tables,Bretford CR4500 Series Slim Rectangular Table,1218.74,5,0.3,-121.87,Nov,2023,23-Nov,-10.00%,Loss,High
1714,US-2023-119151,11/25/2023,11/29/2023,Second Class,MP-18175,Mike Pelletier,Home Office,United States,New York City,New York,10009,East,OFF-ST-10003470,Office Supplies,Storage,"Tennsco Snap-Together Open Shelving Units, Starter Sets and Add-On Units",1117.92,4,0,55.9,Nov,2023,23-Nov,5.00%,Profitable,High
1716,US-2023-144078,11/25/2023,11/29/2023,Standard Class,RB-19435,Richard Bierner,Consumer,United States,Los Angeles,California,90004,West,TEC-PH-10001580,Technology,Phones,Logitech Mobile Speakerphone P710e - speaker phone,539.92,5,0.2,47.24,Nov,2023,23-Nov,8.70%,Profitable,High
1728,US-2023-168984,11/26/2023,12/2/2023,Standard Class,NW-18400,Natalie Webber,Consumer,United States,Tigard,Oregon,97224,West,OFF-ST-10001097,Office Supplies,Storage,Office Impressions Heavy Duty Welded Shelving & Multimedia Storage Drawers,669.08,5,0.2,-167.27,Nov,2023,23-Nov,-25.00%,Loss,High
1745,US-2023-121629,11/28/2023,12/2/2023,Standard Class,BT-11680,Brian Thompson,Consumer,United States,Houston,Texas,77041,Central,TEC-MA-10004679,Technology,Machines,StarTech.com 10/100 VDSL2 Ethernet Extender Kit,998.85,5,0.4,-199.77,Nov,2023,23-Nov,-20.00%,Loss,High
1750,US-2023-153983,11/29/2023,12/6/2023,Standard Class,AH-10210,Alan Hwang,Consumer,United States,San Francisco,California,94122,West,TEC-PH-10004586,Technology,Phones,Wilson SignalBoost 841262 DB PRO Amplifier Kit,575.92,2,0.2,71.99,Nov,2023,23-Nov,12.50%,Profitable,High
1755,US-2023-150798,12/1/2023,12/3/2023,Second Class,JK-15730,Joe Kamberova,Consumer,United States,Columbus,Ohio,43229,East,FUR-CH-10000015,Furniture,Chairs,Hon Multipurpose Stacking Arm Chairs,909.72,6,0.3,-51.98,Dec,2023,23-Dec,-5.70%,Loss,High
1756,US-2023-120474,12/1/2023,12/3/2023,First Class,RP-19390,Resi Pölking,Consumer,United States,Madison,Wisconsin,53711,Central,FUR-CH-10001854,Furniture,Chairs,Office Star - Professional Matrix Back Chair with 2-to-1 Synchro Tilt and Mesh Fabric Seat,2807.84,8,0,673.88,Dec,2023,23-Dec,24.00%,Profitable,High
1757,US-2023-161613,12/1/2023,12/3/2023,Second Class,MC-17605,Matt Connell,Corporate,United States,Houston,Texas,77070,Central,FUR-CH-10003746,Furniture,Chairs,Hon 4070 Series Pagoda Round Back Stacking Chairs,674.06,3,0.3,-19.26,Dec,2023,23-Dec,-2.90%,Loss,High
1764,US-2023-150798,12/1/2023,12/3/2023,Second Class,JK-15730,Joe Kamberova,Consumer,United States,Columbus,Ohio,43229,East,TEC-CO-10001571,Technology,Copiers,Sharp 1540cs Digital Laser Copier,659.99,2,0.4,110,Dec,2023,23-Dec,16.70%,Profitable,High
1767,US-2023-112158,12/2/2023,12/4/2023,First Class,DP-13165,David Philippe,Consumer,United States,New York City,New York,10035,East,FUR-BO-10003272,Furniture,Bookcases,O'Sullivan Living Dimensions 5-Shelf Bookcases,883.92,5,0.2,-110.49,Dec,2023,23-Dec,-12.50%,Loss,High
1790,US-2023-106376,12/5/2023,12/10/2023,Standard Class,BS-11590,Brendan Sweed,Corporate,United States,Gilbert,Arizona,85234,West,OFF-AR-10002671,Office Supplies,Art,"Hunt BOSTON Model 1606 High-Volume Electric Pencil Sharpener, Beige",1113.02,8,0.2,111.3,Dec,2023,23-Dec,10.00%,Profitable,High
1812,US-2023-106726,12/6/2023,12/8/2023,First Class,RS-19765,Roland Schwarz,Corporate,United States,Los Angeles,California,90008,West,OFF-ST-10001496,Office Supplies,Storage,Standard Rollaway File with Lock,1261.33,7,0,327.95,Dec,2023,23-Dec,26.00%,Profitable,High
1820,US-2023-135608,12/8/2023,12/10/2023,Second Class,JK-15625,Jim Karlsson,Consumer,United States,Olympia,Washington,98502,West,FUR-CH-10002602,Furniture,Chairs,DMI Arturo Collection Mission-style Design Wood Chair,603.92,5,0.2,45.29,Dec,2023,23-Dec,7.50%,Profitable,High
1840,US-2023-138128,12/9/2023,12/15/2023,Standard Class,FP-14320,Frank Preis,Consumer,United States,Philadelphia,Pennsylvania,19134,East,TEC-CO-10001766,Technology,Copiers,Canon PC940 Copier,1079.98,4,0.4,126,Dec,2023,23-Dec,11.70%,Profitable,High
1850,US-2023-168494,12/12/2023,12/14/2023,Second Class,NP-18700,Nora Preis,Consumer,United States,Fresno,California,93727,West,FUR-TA-10003473,Furniture,Tables,Bretford Rectangular Conference Table Tops,3610.85,12,0.2,135.41,Dec,2023,23-Dec,3.80%,Profitable,High
1851,US-2023-168494,12/12/2023,12/14/2023,Second Class,NP-18700,Nora Preis,Consumer,United States,Fresno,California,93727,West,FUR-TA-10004619,Furniture,Tables,Hon Non-Folding Utility Tables,764.69,6,0.2,95.59,Dec,2023,23-Dec,12.50%,Profitable,High
1869,US-2023-145541,12/14/2023,12/21/2023,Standard Class,TB-21400,Tom Boeckenhauer,Consumer,United States,New York City,New York,10024,East,TEC-MA-10001127,Technology,Machines,"HP Designjet T520 Inkjet Large Format Printer - 24"" Color",6999.96,4,0,2239.99,Dec,2023,23-Dec,32.00%,Profitable,High
1870,CA-2023-151799,12/14/2023,12/18/2023,Standard Class,BF-11170,Ben Ferrer,Home Office,Canada,Toronto,Ontario,M3C,East,FUR-TA-10003473,Furniture,Tables,Bretford Rectangular Conference Table Tops,526.58,2,0.3,-52.66,Dec,2023,23-Dec,-10.00%,Loss,High
1874,CA-2023-151799,12/14/2023,12/18/2023,Standard Class,BF-11170,Ben Ferrer,Home Office,Canada,Toronto,Ontario,M3C,East,TEC-CO-10002313,Technology,Copiers,Canon PC1080F Personal Copier,1199.98,2,0,467.99,Dec,2023,23-Dec,39.00%,Profitable,High
1876,US-2023-101602,12/15/2023,12/18/2023,First Class,MC-18100,Mick Crebagga,Consumer,United States,El Paso,Texas,79907,Central,FUR-CH-10004675,Furniture,Chairs,"Lifetime Advantage Folding Chairs, 4/Carton",763.28,5,0.3,-21.81,Dec,2023,23-Dec,-2.90%,Loss,High
1880,US-2023-153913,12/16/2023,12/20/2023,Second Class,KB-16585,Ken Black,Corporate,United States,Hialeah,Florida,33012,South,FUR-CH-10000988,Furniture,Chairs,Hon Olson Stacker Stools,1013.83,9,0.2,101.38,Dec,2023,23-Dec,10.00%,Profitable,High
1881,US-2023-124247,12/16/2023,12/21/2023,Standard Class,SH-20635,Stefanie Holloman,Corporate,United States,Sacramento,California,95823,West,FUR-CH-10001854,Furniture,Chairs,Office Star - Professional Matrix Back Chair with 2-to-1 Synchro Tilt and Mesh Fabric Seat,1403.92,5,0.2,70.2,Dec,2023,23-Dec,5.00%,Profitable,High
1894,US-2023-136399,12/16/2023,12/17/2023,First Class,CC-12100,Chad Cunningham,Home Office,United States,Los Angeles,California,90049,West,TEC-PH-10004977,Technology,Phones,GE 30524EE4,627.17,4,0.2,70.56,Dec,2023,23-Dec,11.30%,Profitable,High
1897,US-2023-120768,12/19/2023,12/21/2023,Second Class,IM-15070,Irene Maddox,Consumer,United States,Florence,Alabama,35630,South,FUR-CH-10000513,Furniture,Chairs,High-Back Leather Manager's Chair,1819.86,14,0,163.79,Dec,2023,23-Dec,9.00%,Profitable,High
1906,US-2023-162992,12/19/2023,12/21/2023,First Class,BP-11095,Bart Pistole,Corporate,United States,Los Angeles,California,90008,West,TEC-PH-10001944,Technology,Phones,Wi-Ex zBoost YX540 Cellular Phone Signal Booster,583.8,5,0.2,72.97,Dec,2023,23-Dec,12.50%,Profitable,High
1909,US-2023-134551,12/20/2023,12/25/2023,Standard Class,TS-21505,Tony Sayre,Consumer,United States,Columbia,Tennessee,38401,South,FUR-CH-10004287,Furniture,Chairs,SAFCO Arco Folding Chair,662.88,3,0.2,74.57,Dec,2023,23-Dec,11.30%,Profitable,High
1915,US-2023-136567,12/20/2023,12/21/2023,First Class,PS-19045,Penelope Sewall,Home Office,United States,Harrisonburg,Virginia,22801,South,FUR-TA-10001932,Furniture,Tables,"Chromcraft 48"" x 96"" Racetrack Double Pedestal Table",2244.48,7,0,493.79,Dec,2023,23-Dec,22.00%,Profitable,High
1922,US-2023-103100,12/20/2023,12/23/2023,First Class,AB-10105,Adrian Barton,Consumer,United States,Indianapolis,Indiana,46203,Central,OFF-BI-10004600,Office Supplies,Binders,Ibico Ibimaster 300 Manual Binding System,1103.97,3,0,496.79,Dec,2023,23-Dec,45.00%,Profitable,High
1934,US-2023-154893,12/21/2023,12/27/2023,Standard Class,GM-14440,Gary McGarr,Consumer,United States,San Diego,California,92024,West,FUR-CH-10000595,Furniture,Chairs,Safco Contoured Stacking Chairs,572.16,3,0.2,35.76,Dec,2023,23-Dec,6.20%,Profitable,High
1935,US-2023-154893,12/21/2023,12/27/2023,Standard Class,GM-14440,Gary McGarr,Consumer,United States,San Diego,California,92024,West,FUR-CH-10004287,Furniture,Chairs,SAFCO Arco Folding Chair,1325.76,6,0.2,149.15,Dec,2023,23-Dec,11.30%,Profitable,High
1963,US-2023-138247,12/24/2023,12/29/2023,Standard Class,BF-11170,Ben Ferrer,Home Office,United States,Los Angeles,California,90045,West,TEC-PH-10001530,Technology,Phones,Cisco Unified IP Phone 7945G VoIP phone,818.38,3,0.2,51.15,Dec,2023,23-Dec,6.30%,Profitable,High
1965,US-2023-152030,12/26/2023,12/28/2023,Second Class,AD-10180,Alan Dominguez,Home Office,United States,Houston,Texas,77041,Central,FUR-CH-10004063,Furniture,Chairs,Global Deluxe High-Back Manager's Chair,600.56,3,0.3,-8.58,Dec,2023,23-Dec,-1.40%,Loss,High
1979,US-2023-163447,12/27/2023,12/31/2023,Standard Class,TB-21190,Thomas Brumley,Home Office,United States,New York City,New York,10011,East,FUR-CH-10004477,Furniture,Chairs,"Global Push Button Manager's Chair, Indigo",767.21,14,0.1,161.97,Dec,2023,23-Dec,21.10%,Profitable,High
1986,US-2023-148383,12/27/2023,12/31/2023,Standard Class,RP-19390,Resi Pölking,Consumer,United States,Phoenix,Arizona,85023,West,OFF-BI-10003650,Office Supplies,Binders,GBC DocuBind 300 Electric Binding Machine,946.76,6,0.7,-694.29,Dec,2023,23-Dec,-73.30%,Loss,High
1994,US-2023-153087,12/27/2023,1/3/2024,Standard Class,TC-20980,Tamara Chand,Corporate,United States,Decatur,Alabama,35601,South,TEC-AC-10003198,Technology,Accessories,Enermax Acrylux Wireless Keyboard,498,5,0,184.26,Dec,2023,23-Dec,37.00%,Profitable,Medium
1995,US-2023-141313,12/28/2023,1/1/2024,Standard Class,AJ-10780,Anthony Jacobs,Corporate,United States,Beverly,Massachusetts,1915,East,OFF-AP-10002651,Office Supplies,Appliances,Hoover Upright Vacuum With Dirt Cup,1737.18,6,0,503.78,Dec,2023,23-Dec,29.00%,Profitable,High
1998,US-2023-141313,12/28/2023,1/1/2024,Standard Class,AJ-10780,Anthony Jacobs,Corporate,United States,Beverly,Massachusetts,1915,East,OFF-ST-10000689,Office Supplies,Storage,"Fellowes Strictly Business Drawer File, Letter/Legal Size",704.25,5,0,84.51,Dec,2023,23-Dec,12.00%,Profitable,High
1999,US-2023-143371,12/28/2023,1/3/2024,Standard Class,MD-17350,Maribeth Dona,Consumer,United States,Anaheim,California,92804,West,OFF-ST-10001128,Office Supplies,Storage,"Carina Mini System Audio Rack, Model AR050B",998.82,9,0,29.96,Dec,2023,23-Dec,3.00%,Profitable,High
2013,US-2023-110786,12/29/2023,1/2/2024,Standard Class,AJ-10795,Anthony Johnson,Corporate,United States,San Francisco,California,94110,West,TEC-MA-10003183,Technology,Machines,DYMO CardScan Personal V9 Business Card Scanner,767.95,6,0.2,287.98,Dec,2023,23-Dec,37.50%,Profitable,High
2024,US-2023-115189,12/30/2023,1/3/2024,Second Class,AR-10345,Alex Russell,Corporate,United States,Philadelphia,Pennsylvania,19143,East,FUR-TA-10004575,Furniture,Tables,Hon 5100 Series Wood Tables,523.76,3,0.4,-192.05,Dec,2023,23-Dec,-36.70%,Loss,High
2029,US-2023-169789,12/30/2023,1/4/2024,Standard Class,MF-17665,Maureen Fritzler,Corporate,United States,Phoenix,Arizona,85023,West,OFF-BI-10004600,Office Supplies,Binders,Ibico Ibimaster 300 Manual Binding System,551.99,5,0.7,-459.99,Dec,2023,23-Dec,-83.30%,Loss,High
2039,US-2023-150245,12/31/2023,1/4/2024,Second Class,PC-18745,Pamela Coakley,Corporate,United States,Watertown,New York,13601,East,FUR-BO-10002613,Furniture,Bookcases,"Atlantic Metals Mobile 4-Shelf Bookcases, Custom Colors",1573.49,7,0.2,196.69,Dec,2023,23-Dec,12.50%,Profitable,High
2040,US-2023-133592,12/31/2023,1/7/2024,Standard Class,KM-16375,Katherine Murray,Home Office,United States,Providence,Rhode Island,2908,East,FUR-CH-10004218,Furniture,Chairs,"Global Fabric Manager's Chair, Dark Gray",605.88,6,0,151.47,Dec,2023,23-Dec,25.00%,Profitable,High
2049,US-2023-133592,12/31/2023,1/7/2024,Standard Class,KM-16375,Katherine Murray,Home Office,United States,Providence,Rhode Island,2908,East,TEC-AC-10002049,Technology,Accessories,Plantronics Savi W720 Multi-Device Wireless Headset System,1687.8,4,0,742.63,Dec,2023,23-Dec,44.00%,Profitable,High
2058,US-2024-146262,1/2/2024,1/9/2024,Standard Class,VW-21775,Victoria Wilson,Corporate,United States,Medina,Ohio,44256,East,TEC-MA-10000864,Technology,Machines,Cisco 9971 IP Video Phone Charcoal,1188,9,0.7,-950.4,Jan,2024,24-Jan,-80.00%,Loss,High
2060,US-2024-141243,1/3/2024,1/8/2024,Second Class,AH-10465,Amy Hunt,Consumer,United States,Dallas,Texas,75217,Central,FUR-BO-10003272,Furniture,Bookcases,O'Sullivan Living Dimensions 5-Shelf Bookcases,1352.4,9,0.32,-437.54,Jan,2024,24-Jan,-32.40%,Loss,High
2079,US-2024-157154,1/10/2024,1/15/2024,Standard Class,MM-17920,Michael Moore,Consumer,United States,New York City,New York,10011,East,FUR-TA-10001889,Furniture,Tables,Bush Advantage Collection Racetrack Conference Table,1018.1,4,0.4,-373.3,Jan,2024,24-Jan,-36.70%,Loss,High
2106,US-2024-164777,1/27/2024,1/29/2024,First Class,SC-20305,Sean Christensen,Consumer,United States,Los Angeles,California,90036,West,FUR-CH-10002024,Furniture,Chairs,HON 5400 Series Task Chairs for Big and Tall,2803.92,5,0.2,0,Jan,2024,24-Jan,0.00%,Loss,High
2109,US-2024-116638,1/28/2024,1/31/2024,Second Class,JH-15985,Joseph Holt,Consumer,United States,Concord,North Carolina,28027,South,FUR-TA-10000198,Furniture,Tables,Chromcraft Bull-Nose Wood Oval Conference Tables & Bases,4297.64,13,0.4,-1862.31,Jan,2024,24-Jan,-43.30%,Loss,High
2112,US-2024-121797,1/30/2024,2/6/2024,Standard Class,CC-12145,Charles Crestani,Consumer,United States,Los Angeles,California,90049,West,TEC-MA-10000488,Technology,Machines,Bady BDG101FRU Card Printer,1919.98,3,0.2,216,Jan,2024,24-Jan,11.30%,Profitable,High
2123,US-2024-156482,2/6/2024,2/13/2024,Standard Class,IL-15100,Ivan Liston,Consumer,United States,Wilmington,Delaware,19805,East,FUR-CH-10001708,Furniture,Chairs,Office Star - Contemporary Swivel Chair with Padded Adjustable Arms and Flex Back,1268.82,9,0,266.45,Feb,2024,24-Feb,21.00%,Profitable,High
2129,US-2024-137064,2/6/2024,2/13/2024,Standard Class,TS-21655,Trudy Schmidt,Consumer,United States,Houston,Texas,77070,Central,OFF-ST-10003470,Office Supplies,Storage,"Tennsco Snap-Together Open Shelving Units, Starter Sets and Add-On Units",670.75,3,0.2,-125.77,Feb,2024,24-Feb,-18.80%,Loss,High
2148,US-2024-116876,2/14/2024,2/21/2024,Standard Class,TT-21070,Ted Trevino,Consumer,United States,Rochester,New York,14609,East,TEC-PH-10002584,Technology,Phones,Samsung Galaxy S4,625.99,1,0,187.8,Feb,2024,24-Feb,30.00%,Profitable,High
2150,US-2024-116092,2/15/2024,2/18/2024,Second Class,JM-16195,Justin MacKendrick,Consumer,United States,Los Angeles,California,90004,West,OFF-AP-10001391,Office Supplies,Appliances,Kensington 6 Outlet MasterPiece HOMEOFFICE Power Control Center,541.44,6,0,157.02,Feb,2024,24-Feb,29.00%,Profitable,High
2156,US-2024-154326,2/15/2024,2/19/2024,Standard Class,RP-19855,Roy Phan,Corporate,United States,Kenosha,Wisconsin,53142,Central,TEC-PH-10000560,Technology,Phones,Samsung Galaxy S III - 16GB - pebble blue (T-Mobile),699.98,2,0,195.99,Feb,2024,24-Feb,28.00%,Profitable,High
2166,US-2024-162782,2/21/2024,2/27/2024,Standard Class,PW-19240,Pierre Wener,Consumer,United States,Columbia,Maryland,21044,East,OFF-BI-10003527,Office Supplies,Binders,Fellowes PB500 Electric Punch Plastic Comb Binding Machine with Manual Bind,2541.98,2,0,1270.99,Feb,2024,24-Feb,50.00%,Profitable,High
2176,US-2024-138485,2/27/2024,3/1/2024,Second Class,NP-18670,Nora Paige,Consumer,United States,Seattle,Washington,98105,West,TEC-AC-10002076,Technology,Accessories,Microsoft Natural Keyboard Elite,538.92,9,0,80.84,Feb,2024,24-Feb,15.00%,Profitable,High
2180,US-2024-133585,3/1/2024,3/4/2024,First Class,CM-12715,Craig Molinari,Corporate,United States,Houston,Texas,77070,Central,FUR-BO-10001811,Furniture,Bookcases,"Atlantic Metals Mobile 5-Shelf Bookcases, Custom Colors",1228,6,0.32,-36.12,Mar,2024,24-Mar,-2.90%,Loss,High
2187,US-2024-110457,3/2/2024,3/6/2024,Standard Class,DK-13090,Dave Kipp,Consumer,United States,Seattle,Washington,98103,West,FUR-TA-10001768,Furniture,Tables,Hon Racetrack Conference Tables,787.53,3,0,165.38,Mar,2024,24-Mar,21.00%,Profitable,High
2200,US-2024-109512,3/5/2024,3/5/2024,Same Day,LF-17185,Luke Foster,Consumer,United States,New York City,New York,10011,East,OFF-ST-10000689,Office Supplies,Storage,"Fellowes Strictly Business Drawer File, Letter/Legal Size",563.4,4,0,67.61,Mar,2024,24-Mar,12.00%,Profitable,High
2207,US-2024-142944,3/6/2024,3/11/2024,Standard Class,JL-15850,John Lucas,Consumer,United States,San Francisco,California,94122,West,TEC-CO-10003763,Technology,Copiers,Canon PC1060 Personal Laser Copier,1119.98,2,0.2,377.99,Mar,2024,24-Mar,33.80%,Profitable,High
2211,US-2024-146255,3/7/2024,3/10/2024,First Class,EM-14140,Eugene Moren,Home Office,United States,Newark,Delaware,19711,East,TEC-PH-10001619,Technology,Phones,LG G3,587.97,3,0,170.51,Mar,2024,24-Mar,29.00%,Profitable,High
2212,US-2024-105627,3/8/2024,3/12/2024,Standard Class,DK-12895,Dana Kaydos,Consumer,United States,Kenosha,Wisconsin,53142,Central,FUR-BO-10002916,Furniture,Bookcases,"Rush Hierlooms Collection 1"" Thick Stackable Bookcases",512.94,3,0,97.46,Mar,2024,24-Mar,19.00%,Profitable,High
2213,US-2024-105627,3/8/2024,3/12/2024,Standard Class,DK-12895,Dana Kaydos,Consumer,United States,Kenosha,Wisconsin,53142,Central,FUR-CH-10002084,Furniture,Chairs,Hon Mobius Operator's Chair,860.93,7,0,189.4,Mar,2024,24-Mar,22.00%,Profitable,High
2219,US-2024-105627,3/8/2024,3/12/2024,Standard Class,DK-12895,Dana Kaydos,Consumer,United States,Kenosha,Wisconsin,53142,Central,TEC-PH-10003012,Technology,Phones,Nortel Meridian M3904 Professional Digital phone,769.95,5,0,223.29,Mar,2024,24-Mar,29.00%,Profitable,High
2230,US-2024-139675,3/13/2024,3/18/2024,Second Class,NF-18595,Nicole Fjeld,Home Office,United States,Chico,California,95928,West,FUR-CH-10004063,Furniture,Chairs,Global Deluxe High-Back Manager's Chair,915.14,4,0.2,102.95,Mar,2024,24-Mar,11.30%,Profitable,High
2232,CA-2024-139675,3/13/2024,3/18/2024,Second Class,NF-18595,Nicole Fjeld,Home Office,Canada,Calgary,Alberta,T2C,West,FUR-CH-10004063,Furniture,Chairs,Global Deluxe High-Back Manager's Chair,915.14,4,0.2,102.95,Mar,2024,24-Mar,11.30%,Profitable,High
2234,US-2024-163587,3/14/2024,3/18/2024,Standard Class,EP-13915,Emily Phan,Consumer,United States,Dover,New Hampshire,3820,East,OFF-BI-10003091,Office Supplies,Binders,GBC DocuBind TL200 Manual Binding Machine,671.94,3,0,315.81,Mar,2024,24-Mar,47.00%,Profitable,High
2243,US-2024-145352,3/16/2024,3/22/2024,Standard Class,CM-12385,Christopher Martinez,Consumer,United States,Atlanta,Georgia,30318,South,OFF-BI-10003527,Office Supplies,Binders,Fellowes PB500 Electric Punch Plastic Comb Binding Machine with Manual Bind,6354.95,5,0,3177.48,Mar,2024,24-Mar,50.00%,Profitable,High
2259,US-2024-111829,3/19/2024,3/20/2024,First Class,FH-14365,Fred Hopkins,Corporate,United States,Seattle,Washington,98115,West,OFF-ST-10000142,Office Supplies,Storage,Deluxe Rollaway Locking File with Drawer,1247.64,3,0,349.34,Mar,2024,24-Mar,28.00%,Profitable,High
2261,US-2024-111829,3/19/2024,3/20/2024,First Class,FH-14365,Fred Hopkins,Corporate,United States,Seattle,Washington,98115,West,TEC-CO-10001766,Technology,Copiers,Canon PC940 Copier,3149.93,7,0,1480.47,Mar,2024,24-Mar,47.00%,Profitable,High
2264,US-2024-159534,3/20/2024,3/23/2024,First Class,DH-13075,Dave Hallsten,Corporate,United States,New York City,New York,10035,East,OFF-BI-10003656,Office Supplies,Binders,Fellowes PB200 Plastic Comb Binding Machine,1087.94,8,0.2,353.58,Mar,2024,24-Mar,32.50%,Profitable,High
2272,US-2024-120621,3/21/2024,3/26/2024,Standard Class,JW-16075,Julia West,Consumer,United States,Jacksonville,North Carolina,28540,South,OFF-AP-10002945,Office Supplies,Appliances,Honeywell Enviracaire Portable HEPA Air Cleaner for 17' x 22' Room,962.08,4,0.2,156.34,Mar,2024,24-Mar,16.30%,Profitable,High
2285,US-2024-163279,3/22/2024,3/26/2024,Standard Class,JD-16150,Justin Deggeller,Corporate,United States,San Diego,California,92037,West,TEC-PH-10001795,Technology,Phones,ClearOne CHATAttach 160 - speaker phone,1487.98,3,0.2,186,Mar,2024,24-Mar,12.50%,Profitable,High
2295,US-2024-164301,3/26/2024,3/30/2024,Standard Class,EB-13840,Ellis Ballard,Corporate,United States,Seattle,Washington,98103,West,FUR-TA-10001889,Furniture,Tables,Bush Advantage Collection Racetrack Conference Table,3393.68,8,0,610.86,Mar,2024,24-Mar,18.00%,Profitable,High
2299,US-2024-116981,3/26/2024,3/28/2024,Second Class,SM-20950,Suzanne McNair,Corporate,United States,New York City,New York,10009,East,OFF-ST-10002615,Office Supplies,Storage,"Dual Level, Single-Width Filing Carts",1085.42,7,0,282.21,Mar,2024,24-Mar,26.00%,Profitable,High
2307,US-2024-153549,3/29/2024,3/31/2024,Second Class,SL-20155,Sara Luxemburg,Home Office,United States,Jacksonville,Florida,32216,South,FUR-CH-10004086,Furniture,Chairs,Hon 4070 Series Pagoda Armless Upholstered Stacking Chairs,1166.92,5,0.2,131.28,Mar,2024,24-Mar,11.30%,Profitable,High
2328,US-2024-112452,4/4/2024,4/4/2024,Same Day,NC-18340,Nat Carroll,Consumer,United States,Lansing,Michigan,48911,Central,OFF-AP-10003849,Office Supplies,Appliances,Hoover Shoulder Vac Commercial Portable Vacuum,644.08,2,0.1,107.35,Apr,2024,24-Apr,16.70%,Profitable,High
2334,US-2024-112452,4/4/2024,4/4/2024,Same Day,NC-18340,Nat Carroll,Consumer,United States,Lansing,Michigan,48911,Central,TEC-CO-10004202,Technology,Copiers,Brother DCP1000 Digital 3 in 1 Multifunction Machine,599.98,2,0,209.99,Apr,2024,24-Apr,35.00%,Profitable,High
2337,US-2024-161452,4/5/2024,4/11/2024,Standard Class,CA-11965,Carol Adams,Corporate,United States,Los Angeles,California,90036,West,FUR-CH-10003973,Furniture,Chairs,GuestStacker Chair with Chrome Finish Legs,892.22,3,0.2,89.22,Apr,2024,24-Apr,10.00%,Profitable,High
2339,US-2024-167010,4/5/2024,4/10/2024,Standard Class,VT-21700,Valerie Takahito,Home Office,United States,Philadelphia,Pennsylvania,19143,East,FUR-FU-10001468,Furniture,Furnishings,Tenex Antistatic Computer Chair Mats,547.14,4,0.2,-68.39,Apr,2024,24-Apr,-12.50%,Loss,High
2345,US-2024-167010,4/5/2024,4/10/2024,Standard Class,VT-21700,Valerie Takahito,Home Office,United States,Philadelphia,Pennsylvania,19143,East,OFF-ST-10003816,Office Supplies,Storage,Fellowes High-Stak Drawer Files,563.81,4,0.2,21.14,Apr,2024,24-Apr,3.70%,Profitable,High
2371,US-2024-136987,4/11/2024,4/14/2024,Second Class,AR-10540,Andy Reiter,Consumer,United States,Los Angeles,California,90004,West,TEC-CO-10001943,Technology,Copiers,Canon PC-428 Personal Copier,639.97,4,0.2,215.99,Apr,2024,24-Apr,33.80%,Profitable,High
2375,US-2024-168704,4/13/2024,4/17/2024,Standard Class,FP-14320,Frank Preis,Consumer,United States,Huntsville,Texas,77340,Central,FUR-TA-10000688,Furniture,Tables,"Chromcraft Bull-Nose Wood Round Conference Table Top, Wood Base",609.98,4,0.3,-113.28,Apr,2024,24-Apr,-18.60%,Loss,High
2378,US-2024-133452,4/13/2024,4/19/2024,Standard Class,ZC-21910,Zuschuss Carroll,Consumer,United States,Pomona,California,91767,West,FUR-TA-10003954,Furniture,Tables,Hon 94000 Series Round Tables,710.83,3,0.2,-97.74,Apr,2024,24-Apr,-13.80%,Loss,High
2390,US-2024-137974,4/16/2024,4/18/2024,First Class,LL-16840,Lauren Leatherbury,Consumer,United States,Waynesboro,Virginia,22980,South,FUR-BO-10001519,Furniture,Bookcases,O'Sullivan 3-Shelf Heavy-Duty Bookcases,523.26,9,0,125.58,Apr,2024,24-Apr,24.00%,Profitable,High
2392,US-2024-137974,4/16/2024,4/18/2024,First Class,LL-16840,Lauren Leatherbury,Consumer,United States,Waynesboro,Virginia,22980,South,FUR-FU-10001468,Furniture,Furnishings,Tenex Antistatic Computer Chair Mats,1196.86,7,0,119.69,Apr,2024,24-Apr,10.00%,Profitable,High
2401,US-2024-146675,4/16/2024,4/20/2024,Standard Class,SB-20185,Sarah Brown,Consumer,United States,Evanston,Illinois,60201,Central,TEC-CO-10001766,Technology,Copiers,Canon PC940 Copier,1439.97,4,0.2,485.99,Apr,2024,24-Apr,33.80%,Profitable,High
2402,US-2024-137974,4/16/2024,4/18/2024,First Class,LL-16840,Lauren Leatherbury,Consumer,United States,Waynesboro,Virginia,22980,South,TEC-PH-10002033,Technology,Phones,Konftel 250 Conference phone - Charcoal black,569.64,2,0,148.11,Apr,2024,24-Apr,26.00%,Profitable,High
2404,US-2024-155306,4/17/2024,4/21/2024,Standard Class,GA-14515,George Ashbrook,Consumer,United States,San Francisco,California,94122,West,OFF-AP-10002651,Office Supplies,Appliances,Hoover Upright Vacuum With Dirt Cup,1447.65,5,0,419.82,Apr,2024,24-Apr,29.00%,Profitable,High
2411,US-2024-155306,4/17/2024,4/21/2024,Standard Class,GA-14515,George Ashbrook,Consumer,United States,San Francisco,California,94122,West,TEC-PH-10002310,Technology,Phones,Plantronics Calisto P620-M USB Wireless Speakerphone System,783.96,5,0.2,68.6,Apr,2024,24-Apr,8.80%,Profitable,High
2425,US-2024-142601,4/18/2024,4/20/2024,Second Class,DE-13255,Deanra Eno,Home Office,United States,Los Angeles,California,90004,West,OFF-ST-10002756,Office Supplies,Storage,"Tennsco Stur-D-Stor Boltless Shelving, 5 Shelves, 24"" Deep, Sand",947.17,7,0,9.47,Apr,2024,24-Apr,1.00%,Profitable,High
2432,US-2024-149342,4/20/2024,4/25/2024,Standard Class,TS-21160,Theresa Swint,Corporate,United States,Columbus,Georgia,31907,South,FUR-FU-10002937,Furniture,Furnishings,"GE 48"" Fluorescent Tube, Cool White Energy Saver, 34 Watts, 30/Box",595.38,6,0,297.69,Apr,2024,24-Apr,50.00%,Profitable,High
2451,US-2024-134026,4/26/2024,5/2/2024,Standard Class,JE-15745,Joel Eaton,Consumer,United States,Memphis,Tennessee,38109,South,FUR-CH-10000513,Furniture,Chairs,High-Back Leather Manager's Chair,831.94,8,0.2,-114.39,Apr,2024,24-Apr,-13.80%,Loss,High
2461,US-2024-124450,4/27/2024,5/3/2024,Standard Class,GT-14710,Greg Tran,Consumer,United States,Washington,District of Columbia,20016,East,FUR-CH-10000309,Furniture,Chairs,Global Comet Stacking Arm Chair,1267.53,3,0,316.88,Apr,2024,24-Apr,25.00%,Profitable,High
2465,US-2024-124450,4/27/2024,5/3/2024,Standard Class,GT-14710,Greg Tran,Consumer,United States,Washington,District of Columbia,20016,East,TEC-MA-10004212,Technology,Machines,Cisco SPA525G2 5-Line IP Phone,1379.92,8,0,648.56,Apr,2024,24-Apr,47.00%,Profitable,High
2469,US-2024-120782,4/28/2024,5/1/2024,First Class,SD-20485,Shirley Daniels,Home Office,United States,Midland,Michigan,48640,Central,OFF-BI-10003527,Office Supplies,Binders,Fellowes PB500 Electric Punch Plastic Comb Binding Machine with Manual Bind,3812.97,3,0,1906.49,Apr,2024,24-Apr,50.00%,Profitable,High
2480,US-2024-135174,4/30/2024,5/2/2024,Second Class,BP-11230,Benjamin Patterson,Consumer,United States,Troy,Ohio,45373,East,TEC-PH-10001530,Technology,Phones,Cisco Unified IP Phone 7945G VoIP phone,1022.97,5,0.4,-255.74,Apr,2024,24-Apr,-25.00%,Loss,High
2490,US-2024-112130,5/3/2024,5/7/2024,Standard Class,SV-20785,Stewart Visinsky,Consumer,United States,Philadelphia,Pennsylvania,19140,East,FUR-CH-10002965,Furniture,Chairs,"Global Leather Highback Executive Chair with Pneumatic Height Adjustment, Black",844.12,6,0.3,-36.18,May,2024,24-May,-4.30%,Loss,High
2491,US-2024-107937,5/3/2024,5/8/2024,Standard Class,JB-16045,Julia Barnett,Home Office,United States,Chula Vista,California,91911,West,FUR-FU-10002298,Furniture,Furnishings,"Rubbermaid ClusterMat Chairmats, Mat Size- 66"" x 60"", Lip 20"" x 11"" -90 Degree Angle",665.88,6,0,106.54,May,2024,24-May,16.00%,Profitable,High
2506,US-2024-110548,5/4/2024,5/8/2024,Standard Class,AH-10690,Anna Häberlin,Corporate,United States,Houston,Texas,77095,Central,TEC-PH-10002922,Technology,Phones,ShoreTel ShorePhone IP 230 VoIP phone,946.34,7,0.2,118.29,May,2024,24-May,12.50%,Profitable,High
2523,US-2024-160857,5/8/2024,5/15/2024,Standard Class,NW-18400,Natalie Webber,Consumer,United States,New York City,New York,10024,East,TEC-CO-10004115,Technology,Copiers,Sharp AL-1530CS Digital Copier,2799.94,7,0.2,1014.98,May,2024,24-May,36.30%,Profitable,High
2537,US-2024-131856,5/12/2024,5/17/2024,Standard Class,JG-15160,James Galang,Consumer,United States,Houston,Texas,77041,Central,TEC-PH-10001336,Technology,Phones,Digium D40 VoIP phone,619.15,6,0.2,69.65,May,2024,24-May,11.30%,Profitable,High
2540,US-2024-100146,5/14/2024,5/19/2024,Standard Class,CB-12535,Claudia Bergmann,Corporate,United States,Camarillo,California,93010,West,FUR-BO-10004015,Furniture,Bookcases,"Bush Andora Bookcase, Maple/Graphite Gray Finish",509.96,5,0.15,42,May,2024,24-May,8.20%,Profitable,High
2542,US-2024-100146,5/14/2024,5/19/2024,Standard Class,CB-12535,Claudia Bergmann,Corporate,United States,Camarillo,California,93010,West,FUR-CH-10004495,Furniture,Chairs,"Global Leather and Oak Executive Chair, Black",722.35,3,0.2,81.26,May,2024,24-May,11.30%,Profitable,High
2551,US-2024-165162,5/14/2024,5/21/2024,Standard Class,HG-15025,Hunter Glantz,Consumer,United States,Los Angeles,California,90032,West,OFF-ST-10003470,Office Supplies,Storage,"Tennsco Snap-Together Open Shelving Units, Starter Sets and Add-On Units",1117.92,4,0,55.9,May,2024,24-May,5.00%,Profitable,High
2567,US-2024-149846,5/22/2024,5/26/2024,Standard Class,SB-20185,Sarah Brown,Consumer,United States,Los Angeles,California,90045,West,TEC-MA-10004002,Technology,Machines,Zebra GX420t Direct Thermal/Thermal Transfer Printer,2973.32,7,0.2,334.5,May,2024,24-May,11.30%,Profitable,High
2568,US-2024-149846,5/22/2024,5/26/2024,Standard Class,SB-20185,Sarah Brown,Consumer,United States,Los Angeles,California,90045,West,TEC-PH-10003645,Technology,Phones,Aastra 57i VoIP phone,775.73,6,0.2,58.18,May,2024,24-May,7.50%,Profitable,High
2570,US-2024-136805,5/23/2024,5/27/2024,Second Class,NM-18445,Nathan Mautz,Home Office,United States,Detroit,Michigan,48234,Central,OFF-AP-10001394,Office Supplies,Appliances,Harmony Air Purifier,850.5,5,0.1,245.7,May,2024,24-May,28.90%,Profitable,High
2575,US-2024-165512,5/24/2024,5/26/2024,Second Class,VS-21820,Vivek Sundaresam,Consumer,United States,Naperville,Illinois,60540,Central,FUR-CH-10002880,Furniture,Chairs,"Global High-Back Leather Tilter, Burgundy",602.65,7,0.3,-163.58,May,2024,24-May,-27.10%,Loss,High
2578,US-2024-138898,5/25/2024,5/29/2024,Standard Class,JH-16180,Justin Hirsh,Consumer,United States,Pueblo,Colorado,81001,West,OFF-AP-10004487,Office Supplies,Appliances,Kensington 4 Outlet MasterPiece Compact Power Control Center,845.73,13,0.2,84.57,May,2024,24-May,10.00%,Profitable,High
2599,US-2024-135020,5/28/2024,6/2/2024,Standard Class,MS-17770,Maxwell Schwartz,Consumer,United States,Rochester,New York,14609,East,OFF-ST-10001490,Office Supplies,Storage,"Hot File 7-Pocket, Floor Stand",535.41,3,0,160.62,May,2024,24-May,30.00%,Profitable,High
2609,US-2024-120880,5/29/2024,6/3/2024,Standard Class,JL-15850,John Lucas,Consumer,United States,Seattle,Washington,98105,West,OFF-ST-10001496,Office Supplies,Storage,Standard Rollaway File with Lock,540.57,3,0,140.55,May,2024,24-May,26.00%,Profitable,High
2614,US-2024-147788,5/31/2024,6/4/2024,Standard Class,TM-21010,Tamara Manning,Consumer,United States,Orem,Utah,84057,West,FUR-BO-10004357,Furniture,Bookcases,O'Sullivan Living Dimensions 3-Shelf Bookcases,1406.86,7,0,140.69,May,2024,24-May,10.00%,Profitable,High
2615,US-2024-120677,5/31/2024,6/4/2024,Standard Class,BD-11320,Bill Donatelli,Consumer,United States,Minneapolis,Minnesota,55407,Central,FUR-CH-10002320,Furniture,Chairs,Hon Pagoda Stacking Chairs,2567.84,8,0,770.35,May,2024,24-May,30.00%,Profitable,High
2643,US-2024-158491,6/4/2024,6/9/2024,Second Class,BP-11155,Becky Pak,Consumer,United States,Los Angeles,California,90008,West,TEC-AC-10003870,Technology,Accessories,Logitech Z-906 Speaker sys - home theater - 5.1-CH,989.97,3,0,395.99,Jun,2024,24-Jun,40.00%,Profitable,High
2644,US-2024-166947,6/5/2024,6/10/2024,Standard Class,EB-13750,Edward Becker,Corporate,United States,Buffalo,New York,14215,East,FUR-CH-10004997,Furniture,Chairs,Hon Every-Day Series Multi-Task Chairs,1522.64,9,0.1,169.18,Jun,2024,24-Jun,11.10%,Profitable,High
2657,US-2024-162201,6/8/2024,6/12/2024,Standard Class,AG-10495,Andrew Gjertsen,Corporate,United States,Saint Petersburg,Florida,33710,South,OFF-ST-10000046,Office Supplies,Storage,Fellowes Super Stor/Drawer Files,516.96,4,0.2,-6.46,Jun,2024,24-Jun,-1.30%,Loss,High
2666,US-2024-121720,6/11/2024,6/12/2024,First Class,JE-15610,Jim Epp,Corporate,United States,Lakeland,Florida,33801,South,FUR-CH-10003312,Furniture,Chairs,Hon 2090 “Pillow Soft” Series Mid Back Swivel/Tilt Chairs,1123.92,5,0.2,-182.64,Jun,2024,24-Jun,-16.30%,Loss,High
2675,US-2024-121720,6/11/2024,6/12/2024,First Class,JE-15610,Jim Epp,Corporate,United States,Lakeland,Florida,33801,South,OFF-ST-10001780,Office Supplies,Storage,Tennsco 16-Compartment Lockers with Coat Rack,1036.62,2,0.2,51.83,Jun,2024,24-Jun,5.00%,Profitable,High
2676,US-2024-121720,6/11/2024,6/12/2024,First Class,JE-15610,Jim Epp,Corporate,United States,Lakeland,Florida,33801,South,OFF-ST-10003816,Office Supplies,Storage,Fellowes High-Stak Drawer Files,563.81,4,0.2,21.14,Jun,2024,24-Jun,3.70%,Profitable,High
2693,US-2024-104941,6/13/2024,6/19/2024,Standard Class,DH-13075,Dave Hallsten,Corporate,United States,Decatur,Alabama,35601,South,TEC-CO-10004202,Technology,Copiers,Brother DCP1000 Digital 3 in 1 Multifunction Machine,899.97,3,0,314.99,Jun,2024,24-Jun,35.00%,Profitable,High
2702,US-2024-163825,6/16/2024,6/19/2024,First Class,LC-16885,Lena Creighton,Consumer,United States,New York City,New York,10009,East,OFF-BI-10003527,Office Supplies,Binders,Fellowes PB500 Electric Punch Plastic Comb Binding Machine with Manual Bind,3050.38,3,0.2,1143.89,Jun,2024,24-Jun,37.50%,Profitable,High
2707,US-2024-156734,6/18/2024,6/20/2024,First Class,BV-11245,Benjamin Venier,Corporate,United States,Smyrna,Tennessee,37167,South,FUR-CH-10002965,Furniture,Chairs,"Global Leather Highback Executive Chair with Pneumatic Height Adjustment, Black",643.14,4,0.2,56.27,Jun,2024,24-Jun,8.80%,Profitable,High
2732,US-2024-124975,6/22/2024,6/25/2024,First Class,MG-17875,Michael Grace,Home Office,United States,Aurora,Illinois,60505,Central,FUR-TA-10002645,Furniture,Tables,Hon Rectangular Conference Tables,796.43,7,0.5,-525.64,Jun,2024,24-Jun,-66.00%,Loss,High
2733,US-2024-153423,6/22/2024,6/27/2024,Standard Class,SW-20455,Shaun Weien,Consumer,United States,Rochester,New York,14609,East,OFF-BI-10000545,Office Supplies,Binders,GBC Ibimaster 500 Manual ProClick Binding System,1217.57,2,0.2,456.59,Jun,2024,24-Jun,37.50%,Profitable,High
2758,US-2024-166583,6/26/2024,6/30/2024,Standard Class,VD-21670,Valerie Dominguez,Consumer,United States,Houston,Texas,77070,Central,TEC-PH-10001578,Technology,Phones,Polycom SoundStation2 EX Conference phone,971.88,3,0.2,109.34,Jun,2024,24-Jun,11.30%,Profitable,High
2760,US-2024-112144,6/28/2024,7/2/2024,Standard Class,CY-12745,Craig Yedwab,Corporate,United States,Gilbert,Arizona,85234,West,FUR-FU-10004306,Furniture,Furnishings,Electrix Halogen Magnifier Lamp,621.76,4,0.2,46.63,Jun,2024,24-Jun,7.50%,Profitable,High
2789,US-2024-154956,7/4/2024,7/9/2024,Standard Class,IM-15070,Irene Maddox,Consumer,United States,Milwaukee,Wisconsin,53209,Central,TEC-PH-10004165,Technology,Phones,Mitel MiVoice 5330e IP Phone,1099.96,4,0,285.99,Jul,2024,24-Jul,26.00%,Profitable,High
2802,US-2024-108665,7/6/2024,7/10/2024,Standard Class,KM-16225,Kalyca Meade,Corporate,United States,New York City,New York,10011,East,OFF-ST-10001526,Office Supplies,Storage,Iceberg Mobile Mega Data/Printer Cart,601.65,5,0,156.43,Jul,2024,24-Jul,26.00%,Profitable,High
2831,US-2024-136469,7/11/2024,7/12/2024,First Class,TS-21370,Todd Sumrall,Corporate,United States,Wilmington,Delaware,19805,East,TEC-PH-10001817,Technology,Phones,Wilson Electronics DB Pro Signal Booster,716,2,0,193.32,Jul,2024,24-Jul,27.00%,Profitable,High
2836,US-2024-126557,7/12/2024,7/17/2024,Second Class,RL-19615,Rob Lucas,Consumer,United States,Chicago,Illinois,60610,Central,TEC-PH-10000526,Technology,Phones,Vtech CS6719,537.54,7,0.2,53.75,Jul,2024,24-Jul,10.00%,Profitable,High
2839,US-2024-126557,7/12/2024,7/17/2024,Second Class,RL-19615,Rob Lucas,Consumer,United States,Chicago,Illinois,60610,Central,TEC-PH-10003963,Technology,Phones,GE 2-Jack Phone Line Splitter,659.17,4,0.2,49.44,Jul,2024,24-Jul,7.50%,Profitable,High
2840,US-2024-114069,7/13/2024,7/15/2024,Second Class,ND-18370,Natalie DeCherney,Consumer,United States,New York City,New York,10035,East,FUR-CH-10000595,Furniture,Chairs,Safco Contoured Stacking Chairs,1931.04,9,0.1,321.84,Jul,2024,24-Jul,16.70%,Profitable,High
2849,US-2024-113404,7/16/2024,7/16/2024,Same Day,EM-13810,Eleni McCrary,Corporate,United States,San Francisco,California,94122,West,FUR-CH-10003312,Furniture,Chairs,Hon 2090 “Pillow Soft” Series Mid Back Swivel/Tilt Chairs,1348.7,6,0.2,-219.16,Jul,2024,24-Jul,-16.30%,Loss,High
2850,US-2024-113404,7/16/2024,7/16/2024,Same Day,EM-13810,Eleni McCrary,Corporate,United States,San Francisco,California,94122,West,FUR-CH-10004086,Furniture,Chairs,Hon 4070 Series Pagoda Armless Upholstered Stacking Chairs,700.15,3,0.2,78.77,Jul,2024,24-Jul,11.30%,Profitable,High
2855,US-2024-166520,7/16/2024,7/19/2024,First Class,KE-16420,Katrina Edelman,Corporate,United States,New York City,New York,10035,East,TEC-AC-10001990,Technology,Accessories,Kensington Orbit Wireless Mobile Trackball for PC and Mac,599.9,10,0,191.97,Jul,2024,24-Jul,32.00%,Profitable,High
2863,US-2024-111206,7/18/2024,7/22/2024,Standard Class,RF-19735,Roland Fjeld,Consumer,United States,San Diego,California,92105,West,TEC-AC-10003095,Technology,Accessories,Logitech G35 7.1-Channel Surround Sound Headset,519.96,4,0,176.79,Jul,2024,24-Jul,34.00%,Profitable,High
2866,US-2024-122784,7/20/2024,7/27/2024,Standard Class,RA-19915,Russell Applegate,Consumer,United States,Highland Park,Illinois,60035,Central,FUR-BO-10002545,Furniture,Bookcases,"Atlantic Metals Mobile 3-Shelf Bookcases, Custom Colors",913.43,5,0.3,-52.2,Jul,2024,24-Jul,-5.70%,Loss,High
2874,US-2024-160472,7/20/2024,7/25/2024,Second Class,RK-19300,Ralph Kennedy,Consumer,United States,South Bend,Indiana,46614,Central,TEC-AC-10002253,Technology,Accessories,Imation Bio 8GB USB Flash Drive Imation Corp,831.2,5,0,124.68,Jul,2024,24-Jul,15.00%,Profitable,High
2883,US-2024-148635,7/25/2024,7/27/2024,Second Class,MH-18025,Michelle Huthwaite,Consumer,United States,Seattle,Washington,98115,West,FUR-BO-10002213,Furniture,Bookcases,"Sauder Forest Hills Library, Woodland Oak Finish",704.9,5,0,56.39,Jul,2024,24-Jul,8.00%,Profitable,High
2884,US-2024-148635,7/25/2024,7/27/2024,Second Class,MH-18025,Michelle Huthwaite,Consumer,United States,Seattle,Washington,98115,West,FUR-CH-10001854,Furniture,Chairs,Office Star - Professional Matrix Back Chair with 2-to-1 Synchro Tilt and Mesh Fabric Seat,561.57,2,0.2,28.08,Jul,2024,24-Jul,5.00%,Profitable,High
2890,US-2024-139248,7/25/2024,7/30/2024,Standard Class,RD-19930,Russell D'Ascenzo,Consumer,United States,Los Angeles,California,90032,West,TEC-PH-10004094,Technology,Phones,Motorola L703CM,623.96,5,0.2,39,Jul,2024,24-Jul,6.30%,Profitable,High
2904,US-2024-124891,7/31/2024,7/31/2024,Same Day,RH-19495,Rick Hansen,Consumer,United States,New York City,New York,10024,East,FUR-TA-10002903,Furniture,Tables,"Bevis Round Bullnose 29"" High Table Top",1090.78,7,0.4,-290.88,Jul,2024,24-Jul,-26.70%,Loss,High
2907,US-2024-124891,7/31/2024,7/31/2024,Same Day,RH-19495,Rick Hansen,Consumer,United States,New York City,New York,10024,East,TEC-AC-10003033,Technology,Accessories,Plantronics CS510 - Over-the-Head monaural Wireless Headset System,2309.65,7,0,762.18,Jul,2024,24-Jul,33.00%,Profitable,High
2909,US-2024-153388,8/1/2024,8/7/2024,Standard Class,PC-19000,Pauline Chand,Home Office,United States,Los Angeles,California,90004,West,FUR-TA-10003715,Furniture,Tables,Hon 2111 Invitation Series Corner Table,1004.98,6,0.2,-175.87,Aug,2024,24-Aug,-17.50%,Loss,High
2916,US-2024-147501,8/2/2024,8/6/2024,Standard Class,Co-12640,Corey-Lock,Consumer,United States,Seattle,Washington,98105,West,TEC-MA-10001972,Technology,Machines,Okidata C331dn Printer,558.4,2,0.2,41.88,Aug,2024,24-Aug,7.50%,Profitable,High
2945,US-2024-103954,8/9/2024,8/13/2024,Second Class,HR-14770,Hallie Redmond,Home Office,United States,Milwaukee,Wisconsin,53209,Central,FUR-BO-10004690,Furniture,Bookcases,O'Sullivan Cherrywood Estates Traditional Barrister Bookcase,687.4,5,0,48.12,Aug,2024,24-Aug,7.00%,Profitable,High
2950,US-2024-163055,8/9/2024,8/16/2024,Standard Class,DS-13180,David Smith,Corporate,United States,Detroit,Michigan,48227,Central,FUR-TA-10003748,Furniture,Tables,Bevis 36 x 72 Conference Tables,622.45,5,0,136.94,Aug,2024,24-Aug,22.00%,Profitable,High
2952,US-2024-131338,8/9/2024,8/12/2024,First Class,NP-18325,Naresj Patel,Consumer,United States,New York City,New York,10024,East,OFF-BI-10000545,Office Supplies,Binders,GBC Ibimaster 500 Manual ProClick Binding System,1217.57,2,0.2,456.59,Aug,2024,24-Aug,37.50%,Profitable,High
2960,US-2024-131338,8/9/2024,8/12/2024,First Class,NP-18325,Naresj Patel,Consumer,United States,New York City,New York,10024,East,TEC-PH-10000984,Technology,Phones,Panasonic KX-TG9471B,979.95,5,0,274.39,Aug,2024,24-Aug,28.00%,Profitable,High
2992,US-2024-128090,8/16/2024,8/22/2024,Standard Class,JM-15865,John Murray,Consumer,United States,Phoenix,Arizona,85023,West,TEC-PH-10002624,Technology,Phones,Samsung Galaxy S4 Mini,1879.96,5,0.2,211.5,Aug,2024,24-Aug,11.30%,Profitable,High
2993,US-2024-126753,8/16/2024,8/20/2024,Standard Class,SP-20860,Sung Pak,Corporate,United States,Philadelphia,Pennsylvania,19134,East,TEC-PH-10003580,Technology,Phones,Cisco IP Phone 7961G-GE VoIP phone,519.79,4,0.4,-112.62,Aug,2024,24-Aug,-21.70%,Loss,High
2999,US-2024-130456,8/21/2024,8/26/2024,Standard Class,DS-13180,David Smith,Corporate,United States,San Francisco,California,94122,West,FUR-BO-10003893,Furniture,Bookcases,Sauder Camden County Collection Library,586.4,6,0.15,34.49,Aug,2024,24-Aug,5.90%,Profitable,High
3000,US-2024-144267,8/21/2024,8/23/2024,First Class,NZ-18565,Nick Zandusky,Home Office,United States,San Francisco,California,94110,West,FUR-CH-10002335,Furniture,Chairs,Hon GuestStacker Chair,544.01,3,0.2,40.8,Aug,2024,24-Aug,7.50%,Profitable,High
3001,US-2024-154823,8/21/2024,8/25/2024,Standard Class,KN-16390,Katherine Nockton,Corporate,United States,Springfield,Ohio,45503,East,FUR-CH-10003379,Furniture,Chairs,Global Commerce Series High-Back Swivel/Tilt Chairs,598.46,3,0.3,-42.75,Aug,2024,24-Aug,-7.10%,Loss,High
3012,US-2024-130512,8/21/2024,8/25/2024,Standard Class,SM-20320,Sean Miller,Home Office,United States,Allentown,Pennsylvania,18103,East,OFF-ST-10002574,Office Supplies,Storage,"SAFCO Commercial Wire Shelving, Black",663.07,6,0.2,-165.77,Aug,2024,24-Aug,-25.00%,Loss,High
3018,US-2024-165624,8/23/2024,8/28/2024,Standard Class,FH-14350,Fred Harton,Consumer,United States,Atlanta,Georgia,30318,South,OFF-AP-10000828,Office Supplies,Appliances,Avanti 4.4 Cu. Ft. Refrigerator,542.94,3,0,152.02,Aug,2024,24-Aug,28.00%,Profitable,High
3030,US-2024-146563,8/24/2024,8/28/2024,Standard Class,CB-12025,Cassandra Brandow,Consumer,United States,Arlington,Texas,76017,Central,FUR-TA-10001768,Furniture,Tables,Hon Racetrack Conference Tables,918.79,5,0.3,-118.13,Aug,2024,24-Aug,-12.90%,Loss,High
3034,US-2024-146563,8/24/2024,8/28/2024,Standard Class,CB-12025,Cassandra Brandow,Consumer,United States,Arlington,Texas,76017,Central,OFF-ST-10001490,Office Supplies,Storage,"Hot File 7-Pocket, Floor Stand",999.43,7,0.2,124.93,Aug,2024,24-Aug,12.50%,Profitable,High
3035,US-2024-146563,8/24/2024,8/28/2024,Standard Class,CB-12025,Cassandra Brandow,Consumer,United States,Arlington,Texas,76017,Central,OFF-ST-10001511,Office Supplies,Storage,Space Solutions Commercial Steel Shelving,724.08,14,0.2,-135.77,Aug,2024,24-Aug,-18.80%,Loss,High
3039,US-2024-102491,8/24/2024,8/28/2024,Standard Class,KW-16435,Katrina Willman,Consumer,United States,Florence,Kentucky,41042,South,TEC-MA-10000864,Technology,Machines,Cisco 9971 IP Video Phone Charcoal,3080,7,0,1416.8,Aug,2024,24-Aug,46.00%,Profitable,High
3041,US-2024-102491,8/24/2024,8/28/2024,Standard Class,KW-16435,Katrina Willman,Consumer,United States,Florence,Kentucky,41042,South,TEC-PH-10001619,Technology,Phones,LG G3,587.97,3,0,170.51,Aug,2024,24-Aug,29.00%,Profitable,High
3056,US-2024-121188,8/28/2024,9/4/2024,Standard Class,CB-12025,Cassandra Brandow,Consumer,United States,Los Angeles,California,90049,West,OFF-ST-10000736,Office Supplies,Storage,Carina Double Wide Media Storage Towers in Natural & Black,728.82,9,0,29.15,Aug,2024,24-Aug,4.00%,Profitable,High
3057,US-2024-121188,8/28/2024,9/4/2024,Standard Class,CB-12025,Cassandra Brandow,Consumer,United States,Los Angeles,California,90049,West,OFF-ST-10001490,Office Supplies,Storage,"Hot File 7-Pocket, Floor Stand",892.35,5,0,267.71,Aug,2024,24-Aug,30.00%,Profitable,High
3059,US-2024-100377,8/28/2024,9/1/2024,Standard Class,TS-21370,Todd Sumrall,Corporate,United States,Chicago,Illinois,60623,Central,TEC-CO-10001046,Technology,Copiers,Canon Imageclass D680 Copier / Fax,2799.96,5,0.2,874.99,Aug,2024,24-Aug,31.30%,Profitable,High
3061,US-2024-166219,8/28/2024,9/1/2024,Standard Class,BP-11185,Ben Peterman,Corporate,United States,Dallas,Texas,75081,Central,TEC-PH-10004165,Technology,Phones,Mitel MiVoice 5330e IP Phone,1099.96,5,0.2,82.5,Aug,2024,24-Aug,7.50%,Profitable,High
3064,US-2024-111514,8/31/2024,9/2/2024,First Class,SC-20260,Scott Cohen,Corporate,United States,San Francisco,California,94122,West,FUR-BO-10002545,Furniture,Bookcases,"Atlantic Metals Mobile 3-Shelf Bookcases, Custom Colors",1552.83,7,0.15,200.95,Aug,2024,24-Aug,12.90%,Profitable,High
3070,US-2024-157805,8/31/2024,9/4/2024,Standard Class,RH-19510,Rick Huthwaite,Home Office,United States,San Diego,California,92037,West,TEC-PH-10004447,Technology,Phones,Toshiba IPT2010-SD IP Telephone,555.96,5,0.2,41.7,Aug,2024,24-Aug,7.50%,Profitable,High
3076,US-2024-104626,9/1/2024,9/8/2024,Standard Class,DR-12940,Daniel Raglin,Home Office,United States,Franklin,Massachusetts,2038,East,OFF-ST-10003208,Office Supplies,Storage,Adjustable Depth Letter/Legal Cart,1088.76,6,0,315.74,Sep,2024,24-Sep,29.00%,Profitable,High
3077,US-2024-137946,9/1/2024,9/4/2024,Second Class,DB-13615,Doug Bickford,Consumer,United States,Los Angeles,California,90045,West,TEC-CO-10001449,Technology,Copiers,Hewlett Packard LaserJet 3310 Copier,959.98,2,0.2,335.99,Sep,2024,24-Sep,35.00%,Profitable,High
3088,US-2024-138303,9/3/2024,9/7/2024,Standard Class,MG-18145,Mike Gockenbach,Consumer,United States,Philadelphia,Pennsylvania,19134,East,OFF-SU-10002881,Office Supplies,Supplies,Martin Yale Chadless Opener Electric Letter Opener,666.25,1,0.2,-149.91,Sep,2024,24-Sep,-22.50%,Loss,High
3098,US-2024-142755,9/4/2024,9/8/2024,Standard Class,CS-12355,Christine Sundaresam,Consumer,United States,Roswell,Georgia,30076,South,TEC-AC-10002049,Technology,Accessories,Logitech G19 Programmable Gaming Keyboard,619.95,5,0,111.59,Sep,2024,24-Sep,18.00%,Profitable,High
3128,US-2024-110744,9/7/2024,9/12/2024,Standard Class,HA-14920,Helen Andreada,Consumer,United States,Pasadena,California,91104,West,OFF-ST-10003656,Office Supplies,Storage,Safco Industrial Wire Shelving,671.93,7,0,20.16,Sep,2024,24-Sep,3.00%,Profitable,High
3130,US-2024-140557,9/7/2024,9/11/2024,Standard Class,TN-21040,Tanja Norvell,Home Office,United States,New York City,New York,10009,East,TEC-AC-10002402,Technology,Accessories,Razer Kraken PRO Over Ear PC and Music Headset,559.93,7,0,167.98,Sep,2024,24-Sep,30.00%,Profitable,High
3131,US-2024-102876,9/7/2024,9/14/2024,Standard Class,LR-17035,Lisa Ryan,Corporate,United States,Philadelphia,Pennsylvania,19134,East,TEC-PH-10002680,Technology,Phones,Samsung Galaxy Note 3,791.96,6,0.4,-131.99,Sep,2024,24-Sep,-16.70%,Loss,High
3155,US-2024-132465,9/11/2024,9/15/2024,Second Class,DM-13525,Don Miller,Corporate,United States,New York City,New York,10035,East,OFF-ST-10001932,Office Supplies,Storage,Fellowes Staxonsteel Drawer Files,772.68,4,0,108.18,Sep,2024,24-Sep,14.00%,Profitable,High
3167,US-2024-115567,9/13/2024,9/18/2024,Standard Class,ZC-21910,Zuschuss Carroll,Consumer,United States,Columbus,Indiana,47201,Central,FUR-CH-10000015,Furniture,Chairs,Hon Multipurpose Stacking Arm Chairs,1516.2,7,0,394.21,Sep,2024,24-Sep,26.00%,Profitable,High
3168,US-2024-129007,9/13/2024,9/15/2024,First Class,KD-16615,Ken Dana,Corporate,United States,Anaheim,California,92804,West,FUR-CH-10000155,Furniture,Chairs,Global Comet Stacking Armless Chair,717.72,3,0.2,71.77,Sep,2024,24-Sep,10.00%,Profitable,High
3182,US-2024-120362,9/14/2024,9/19/2024,Standard Class,CA-12265,Christina Anderson,Consumer,United States,Provo,Utah,84604,West,FUR-TA-10003008,Furniture,Tables,"Lesro Round Back Collection Coffee Table, End Table",912.75,5,0,118.66,Sep,2024,24-Sep,13.00%,Profitable,High
3185,US-2024-140984,9/14/2024,9/18/2024,Standard Class,CC-12685,Craig Carroll,Consumer,United States,New York City,New York,10011,East,OFF-ST-10000585,Office Supplies,Storage,Economy Rollaway Files,991.2,6,0,257.71,Sep,2024,24-Sep,26.00%,Profitable,High
3187,US-2024-140984,9/14/2024,9/18/2024,Standard Class,CC-12685,Craig Carroll,Consumer,United States,New York City,New York,10011,East,TEC-CO-10001571,Technology,Copiers,Sharp 1540cs Digital Laser Copier,879.98,2,0.2,329.99,Sep,2024,24-Sep,37.50%,Profitable,High
3189,US-2024-102582,9/15/2024,9/19/2024,Standard Class,NW-18400,Natalie Webber,Consumer,United States,Mobile,Alabama,36608,South,FUR-CH-10004853,Furniture,Chairs,"Global Manager's Adjustable Task Chair, Storm",1056.86,7,0,306.49,Sep,2024,24-Sep,29.00%,Profitable,High
3192,US-2024-102582,9/15/2024,9/19/2024,Standard Class,NW-18400,Natalie Webber,Consumer,United States,Mobile,Alabama,36608,South,FUR-TA-10003569,Furniture,Tables,Bretford CR8500 Series Meeting Room Furniture,801.96,2,0,200.49,Sep,2024,24-Sep,25.00%,Profitable,High
3203,US-2024-126977,9/17/2024,9/23/2024,Standard Class,PF-19120,Peter Fuller,Consumer,United States,New York City,New York,10035,East,FUR-BO-10002213,Furniture,Bookcases,DMI Eclipse Executive Suite Bookcases,2003.92,5,0.2,-25.05,Sep,2024,24-Sep,-1.30%,Loss,High
3204,US-2024-150630,9/17/2024,9/21/2024,Standard Class,TB-21520,Tracy Blumstein,Consumer,United States,Philadelphia,Pennsylvania,19140,East,FUR-BO-10004834,Furniture,Bookcases,"Riverside Palais Royal Lawyers Bookcase, Royale Cherry Finish",3083.43,7,0.5,-1665.05,Sep,2024,24-Sep,-54.00%,Loss,High
3205,US-2024-126977,9/17/2024,9/23/2024,Standard Class,PF-19120,Peter Fuller,Consumer,United States,New York City,New York,10035,East,FUR-BO-10004834,Furniture,Bookcases,"Riverside Palais Royal Lawyers Bookcase, Royale Cherry Finish",4228.7,6,0.2,158.58,Sep,2024,24-Sep,3.80%,Profitable,High
3223,US-2024-126977,9/17/2024,9/23/2024,Standard Class,PF-19120,Peter Fuller,Consumer,United States,New York City,New York,10035,East,TEC-AC-10003033,Technology,Accessories,Plantronics CS510 - Over-the-Head monaural Wireless Headset System,659.9,2,0,217.77,Sep,2024,24-Sep,33.00%,Profitable,High
3232,US-2024-109575,9/18/2024,9/23/2024,Standard Class,KH-16630,Ken Heidel,Corporate,United States,Clinton,Maryland,20735,East,OFF-ST-10004123,Office Supplies,Storage,Safco Industrial Wire Shelving System,636.86,7,0,0,Sep,2024,24-Sep,0.00%,Loss,High
3237,US-2024-142202,9/18/2024,9/23/2024,Second Class,JR-16210,Justin Ritter,Corporate,United States,Jacksonville,Florida,32216,South,TEC-AC-10003198,Technology,Accessories,Enermax Acrylux Wireless Keyboard,717.12,9,0.2,152.39,Sep,2024,24-Sep,21.30%,Profitable,High
3238,US-2024-109575,9/18/2024,9/23/2024,Standard Class,KH-16630,Ken Heidel,Corporate,United States,Clinton,Maryland,20735,East,TEC-PH-10000730,Technology,Phones,Samsung Galaxy S4 Active,499.99,1,0,130,Sep,2024,24-Sep,26.00%,Profitable,Medium
3239,US-2024-109575,9/18/2024,9/23/2024,Standard Class,KH-16630,Ken Heidel,Corporate,United States,Clinton,Maryland,20735,East,TEC-PH-10000895,Technology,Phones,Polycom VVX 310 VoIP phone,1259.93,7,0,327.58,Sep,2024,24-Sep,26.00%,Profitable,High
3247,US-2024-141565,9/20/2024,9/24/2024,Standard Class,BG-11035,Barry Gonzalez,Consumer,United States,Nashville,Tennessee,37211,South,OFF-BI-10000545,Office Supplies,Binders,GBC Ibimaster 500 Manual ProClick Binding System,1369.76,6,0.7,-913.18,Sep,2024,24-Sep,-66.70%,Loss,High
3255,US-2024-158421,9/21/2024,9/26/2024,Standard Class,GB-14575,Giulietta Baptist,Consumer,United States,Columbia,South Carolina,29203,South,FUR-CH-10000309,Furniture,Chairs,Global Comet Stacking Arm Chair,1690.04,4,0,422.51,Sep,2024,24-Sep,25.00%,Profitable,High
3256,US-2024-117800,9/21/2024,9/26/2024,Standard Class,TH-21550,Tracy Hopkins,Home Office,United States,Everett,Massachusetts,2149,East,FUR-CH-10000785,Furniture,Chairs,Global Ergonomic Managers Chair,542.94,3,0,141.16,Sep,2024,24-Sep,26.00%,Profitable,High
3257,US-2024-149972,9/21/2024,9/23/2024,First Class,CD-12790,Cynthia Delaney,Home Office,United States,Los Angeles,California,90036,West,FUR-CH-10004997,Furniture,Chairs,Hon Every-Day Series Multi-Task Chairs,601.54,4,0.2,0,Sep,2024,24-Sep,0.00%,Loss,High
3268,US-2024-158421,9/21/2024,9/26/2024,Standard Class,GB-14575,Giulietta Baptist,Consumer,United States,Columbia,South Carolina,29203,South,OFF-ST-10004186,Office Supplies,Storage,"Stur-D-Stor Shelving, Vertical 5-Shelf: 72""H x 36""W x 18 1/2""D",887.84,8,0,17.76,Sep,2024,24-Sep,2.00%,Profitable,High
3270,US-2024-158421,9/21/2024,9/26/2024,Standard Class,GB-14575,Giulietta Baptist,Consumer,United States,Columbia,South Carolina,29203,South,TEC-PH-10000369,Technology,Phones,HTC One Mini,629.95,5,0,176.39,Sep,2024,24-Sep,28.00%,Profitable,High
3271,US-2024-117800,9/21/2024,9/26/2024,Standard Class,TH-21550,Tracy Hopkins,Home Office,United States,Everett,Massachusetts,2149,East,TEC-PH-10002415,Technology,Phones,Polycom VoiceStation 500 Conference phone,589.9,2,0,147.48,Sep,2024,24-Sep,25.00%,Profitable,High
3273,US-2024-126697,9/21/2024,9/24/2024,First Class,SV-20815,Stuart Van,Corporate,United States,Houston,Texas,77041,Central,TEC-PH-10002922,Technology,Phones,ShoreTel ShorePhone IP 230 VoIP phone,946.34,7,0.2,118.29,Sep,2024,24-Sep,12.50%,Profitable,High
3282,US-2024-102260,9/22/2024,9/26/2024,Standard Class,SJ-20125,Sanjit Jacobs,Home Office,United States,Franklin,Tennessee,37064,South,OFF-ST-10003716,Office Supplies,Storage,Tennsco Double-Tier Lockers,720.06,4,0.2,-63.01,Sep,2024,24-Sep,-8.80%,Loss,High
3284,US-2024-115343,9/22/2024,9/25/2024,First Class,FO-14305,Frank Olsen,Consumer,United States,Philadelphia,Pennsylvania,19143,East,TEC-AC-10003832,Technology,Accessories,Logitech P710e Mobile Speakerphone,617.98,3,0.2,-7.72,Sep,2024,24-Sep,-1.30%,Loss,High
3285,US-2024-153381,9/24/2024,9/28/2024,Standard Class,DE-13255,Deanra Eno,Home Office,United States,Dubuque,Iowa,52001,Central,FUR-CH-10000988,Furniture,Chairs,Hon Olson Stacker Stools,1408.1,10,0,394.27,Sep,2024,24-Sep,28.00%,Profitable,High
3286,US-2024-143119,9/24/2024,9/30/2024,Standard Class,MC-17275,Marc Crier,Consumer,United States,Lafayette,Louisiana,70506,South,FUR-CH-10001270,Furniture,Chairs,Harbour Creations Steel Folding Chair,517.5,6,0,155.25,Sep,2024,24-Sep,30.00%,Profitable,High
3288,US-2024-103835,9/24/2024,9/28/2024,Standard Class,SC-20440,Shaun Chance,Corporate,United States,Los Angeles,California,90032,West,OFF-AP-10002651,Office Supplies,Appliances,Hoover Upright Vacuum With Dirt Cup,1158.12,4,0,335.85,Sep,2024,24-Sep,29.00%,Profitable,High
3303,US-2024-164308,9/24/2024,9/27/2024,First Class,SC-20680,Steve Carroll,Home Office,United States,Broken Arrow,Oklahoma,74012,Central,TEC-PH-10004120,Technology,Phones,AT&T 1080 Phone,821.94,6,0,213.7,Sep,2024,24-Sep,26.00%,Profitable,High
3306,US-2024-106320,9/25/2024,9/30/2024,Standard Class,EB-13870,Emily Burns,Consumer,United States,Orem,Utah,84057,West,FUR-TA-10000577,Furniture,Tables,Bretford CR4500 Series Slim Rectangular Table,1044.63,3,0,240.26,Sep,2024,24-Sep,23.00%,Profitable,High
3323,US-2024-103933,9/25/2024,9/27/2024,First Class,DR-12880,Dan Reichenbach,Corporate,United States,New York City,New York,10011,East,TEC-AC-10004171,Technology,Accessories,Razer Kraken 7.1 Surround Sound Over Ear USB Gaming Headset,899.91,9,0,395.96,Sep,2024,24-Sep,44.00%,Profitable,High
3341,US-2024-127173,9/26/2024,10/3/2024,Standard Class,GM-14500,Gene McClure,Consumer,United States,Oceanside,New York,11572,East,TEC-MA-10002859,Technology,Machines,Ativa MDM8000 8-Sheet Micro-Cut Shredder,629.93,7,0,296.07,Sep,2024,24-Sep,47.00%,Profitable,High
3343,US-2024-161991,9/26/2024,9/28/2024,Second Class,SC-20725,Steven Cartwright,Consumer,United States,Houston,Texas,77070,Central,TEC-PH-10001760,Technology,Phones,Bose SoundLink Bluetooth Speaker,1114.4,7,0.2,376.11,Sep,2024,24-Sep,33.80%,Profitable,High
3354,US-2024-125976,9/27/2024,10/2/2024,Standard Class,JK-15205,Jamie Kunitz,Consumer,United States,Arlington,Virginia,22204,South,TEC-PH-10002496,Technology,Phones,Cisco SPA301,1871.88,12,0,561.56,Sep,2024,24-Sep,30.00%,Profitable,High
3370,US-2024-156566,10/1/2024,10/4/2024,First Class,EM-13960,Eric Murdock,Consumer,United States,Portland,Oregon,97206,West,TEC-PH-10001817,Technology,Phones,Wilson Electronics DB Pro Signal Booster,572.8,2,0.2,50.12,Oct,2024,24-Oct,8.80%,Profitable,High
3386,US-2024-129917,10/2/2024,10/3/2024,First Class,HM-14980,Henry MacAllister,Consumer,United States,Los Angeles,California,90008,West,TEC-PH-10000369,Technology,Phones,HTC One Mini,503.96,5,0.2,50.4,Oct,2024,24-Oct,10.00%,Profitable,High
3416,US-2024-124107,10/9/2024,10/12/2024,Second Class,BM-11650,Brian Moss,Corporate,United States,Ann Arbor,Michigan,48104,Central,TEC-AC-10002049,Technology,Accessories,Logitech G19 Programmable Gaming Keyboard,619.95,5,0,111.59,Oct,2024,24-Oct,18.00%,Profitable,High
3417,US-2024-141040,10/9/2024,10/13/2024,Second Class,TB-21250,Tim Brockman,Consumer,United States,New York City,New York,10024,East,TEC-PH-10001835,Technology,Phones,Jawbone JAMBOX Wireless Bluetooth Speaker,631.96,4,0,303.34,Oct,2024,24-Oct,48.00%,Profitable,High
3423,US-2024-134719,10/10/2024,10/15/2024,Standard Class,JD-15790,John Dryer,Consumer,United States,Jacksonville,Florida,32216,South,OFF-ST-10004459,Office Supplies,Storage,Tennsco Single-Tier Lockers,1801.63,6,0.2,-337.81,Oct,2024,24-Oct,-18.80%,Loss,High
3424,US-2024-108966,10/11/2024,10/18/2024,Standard Class,SO-20335,Sean O'Donnell,Consumer,United States,Fort Lauderdale,Florida,33311,South,FUR-TA-10000577,Furniture,Tables,Bretford CR4500 Series Slim Rectangular Table,957.58,5,0.45,-383.03,Oct,2024,24-Oct,-40.00%,Loss,High
3427,US-2024-102281,10/12/2024,10/14/2024,First Class,MP-17470,Mark Packer,Home Office,United States,New York City,New York,10035,East,FUR-BO-10002545,Furniture,Bookcases,"Atlantic Metals Mobile 3-Shelf Bookcases, Custom Colors",626.35,3,0.2,46.98,Oct,2024,24-Oct,7.50%,Profitable,High
3428,US-2024-102281,10/12/2024,10/14/2024,First Class,MP-17470,Mark Packer,Home Office,United States,New York City,New York,10035,East,FUR-BO-10002613,Furniture,Bookcases,"Atlantic Metals Mobile 4-Shelf Bookcases, Custom Colors",899.14,4,0.2,112.39,Oct,2024,24-Oct,12.50%,Profitable,High
3440,US-2024-139731,10/15/2024,10/15/2024,Same Day,JE-15745,Joel Eaton,Consumer,United States,Amarillo,Texas,79109,Central,FUR-CH-10002024,Furniture,Chairs,HON 5400 Series Task Chairs for Big and Tall,2453.43,5,0.3,-350.49,Oct,2024,24-Oct,-14.30%,Loss,High
3448,US-2024-110765,10/16/2024,10/20/2024,Second Class,MP-17965,Michael Paige,Corporate,United States,New York City,New York,10011,East,TEC-PH-10004165,Technology,Phones,Mitel MiVoice 5330e IP Phone,824.97,3,0,214.49,Oct,2024,24-Oct,26.00%,Profitable,High
3455,US-2024-160171,10/19/2024,10/24/2024,Standard Class,RM-19675,Robert Marley,Home Office,United States,Los Angeles,California,90008,West,OFF-AP-10000275,Office Supplies,Appliances,"Sanyo Counter Height Refrigerator with Crisper, 3.6 Cubic Foot, Stainless Steel/Black",1640.7,5,0,459.4,Oct,2024,24-Oct,28.00%,Profitable,High
3469,US-2024-132486,10/23/2024,10/27/2024,Second Class,JF-15355,Jay Fein,Consumer,United States,San Diego,California,92105,West,FUR-CH-10001854,Furniture,Chairs,Office Star - Professional Matrix Back Chair with 2-to-1 Synchro Tilt and Mesh Fabric Seat,842.35,3,0.2,42.12,Oct,2024,24-Oct,5.00%,Profitable,High
3489,US-2024-130848,10/25/2024,10/25/2024,Same Day,DG-13300,Deirdre Greer,Corporate,United States,Denver,Colorado,80219,West,FUR-CH-10000422,Furniture,Chairs,Global Highback Leather Tilter in Burgundy,582.34,8,0.2,-29.12,Oct,2024,24-Oct,-5.00%,Loss,High
3500,US-2024-150714,10/26/2024,11/1/2024,Standard Class,KH-16690,Kristen Hastings,Corporate,United States,Springfield,Oregon,97477,West,OFF-ST-10001809,Office Supplies,Storage,Fellowes Officeware Wire Shelving,718.64,10,0.2,-161.69,Oct,2024,24-Oct,-22.50%,Loss,High
3513,US-2024-145758,10/30/2024,10/30/2024,Same Day,BF-11020,Barry Französisch,Corporate,United States,New York City,New York,10024,East,TEC-MA-10004552,Technology,Machines,Star Micronics TSP100 TSP143LAN Receipt Printer,1035.8,4,0,269.31,Oct,2024,24-Oct,26.00%,Profitable,High
3532,US-2024-164882,10/31/2024,10/31/2024,Same Day,SG-20080,Sandra Glassco,Consumer,United States,Redlands,California,92374,West,TEC-PH-10001578,Technology,Phones,Polycom SoundStation2 EX Conference phone,1295.84,4,0.2,145.78,Oct,2024,24-Oct,11.30%,Profitable,High
3540,US-2024-113145,11/1/2024,11/5/2024,Standard Class,VD-21670,Valerie Dominguez,Consumer,United States,New York City,New York,10011,East,TEC-AC-10001838,Technology,Accessories,Razer Tiamat Over Ear 7.1 Surround Sound PC Gaming Headset,1399.93,7,0,601.97,Nov,2024,24-Nov,43.00%,Profitable,High
3544,US-2024-113145,11/1/2024,11/5/2024,Standard Class,VD-21670,Valerie Dominguez,Consumer,United States,New York City,New York,10011,East,TEC-PH-10002597,Technology,Phones,Xblue XB-1670-86 X16 Small Office Telephone - Titanium,503.96,4,0,125.99,Nov,2024,24-Nov,25.00%,Profitable,High
3545,US-2024-168207,11/2/2024,11/6/2024,Standard Class,LT-17110,Liz Thompson,Consumer,United States,San Diego,California,92105,West,FUR-BO-10004357,Furniture,Bookcases,O'Sullivan Living Dimensions 3-Shelf Bookcases,512.5,3,0.15,-30.15,Nov,2024,24-Nov,-5.90%,Loss,High
3546,US-2024-160227,11/2/2024,11/4/2024,First Class,ED-13885,Emily Ducich,Home Office,United States,New York City,New York,10011,East,FUR-CH-10002073,Furniture,Chairs,Hon Olson Stacker Chairs,2621.32,11,0.1,553.39,Nov,2024,24-Nov,21.10%,Profitable,High
3549,US-2024-130890,11/2/2024,11/6/2024,Standard Class,JO-15280,Jas O'Carroll,Consumer,United States,Los Angeles,California,90004,West,FUR-TA-10002903,Furniture,Tables,"Bevis Round Bullnose 29"" High Table Top",1038.84,5,0.2,51.94,Nov,2024,24-Nov,5.00%,Profitable,High
3556,US-2024-162047,11/3/2024,11/5/2024,First Class,FH-14365,Fred Hopkins,Corporate,United States,Long Beach,New York,11561,East,FUR-CH-10004983,Furniture,Chairs,Office Star - Mid Back Dual function Ergonomic High Back Chair with 2-Way Adjustable Arms,1448.82,10,0.1,209.27,Nov,2024,24-Nov,14.40%,Profitable,High
3560,US-2024-140410,11/3/2024,11/7/2024,Standard Class,CM-12655,Corinna Mitchell,Home Office,United States,Los Angeles,California,90008,West,TEC-PH-10003580,Technology,Phones,Cisco IP Phone 7961G-GE VoIP phone,1212.85,7,0.2,106.12,Nov,2024,24-Nov,8.80%,Profitable,High
3572,US-2024-162887,11/7/2024,11/9/2024,Second Class,SV-20785,Stewart Visinsky,Consumer,United States,Burlington,Vermont,5401,East,FUR-CH-10000595,Furniture,Chairs,Safco Contoured Stacking Chairs,715.2,3,0,178.8,Nov,2024,24-Nov,25.00%,Profitable,High
3576,US-2024-105571,11/7/2024,11/11/2024,Standard Class,CP-12340,Christine Phan,Corporate,United States,Miami,Florida,33142,South,OFF-BI-10001359,Office Supplies,Binders,GBC DocuBind TL300 Electric Binding System,1345.49,5,0.7,-1031.54,Nov,2024,24-Nov,-76.70%,Loss,High
3585,US-2024-117086,11/8/2024,11/12/2024,Standard Class,QJ-19255,Quincy Jones,Corporate,United States,Burlington,Vermont,5401,East,FUR-BO-10004834,Furniture,Bookcases,"Riverside Palais Royal Lawyers Bookcase, Royale Cherry Finish",4404.9,5,0,1013.13,Nov,2024,24-Nov,23.00%,Profitable,High
3586,US-2024-114811,11/8/2024,11/8/2024,Same Day,KD-16495,Keith Dawkins,Corporate,United States,New York City,New York,10024,East,FUR-CH-10003746,Furniture,Chairs,Hon 4070 Series Pagoda Round Back Stacking Chairs,577.76,2,0.1,115.55,Nov,2024,24-Nov,20.00%,Profitable,High
3608,US-2024-114811,11/8/2024,11/8/2024,Same Day,KD-16495,Keith Dawkins,Corporate,United States,New York City,New York,10024,East,TEC-MA-10000045,Technology,Machines,Zebra ZM400 Thermal Label Printer,4643.8,4,0,2229.02,Nov,2024,24-Nov,48.00%,Profitable,High
3611,US-2024-114811,11/8/2024,11/8/2024,Same Day,KD-16495,Keith Dawkins,Corporate,United States,New York City,New York,10024,East,TEC-PH-10004165,Technology,Phones,Mitel MiVoice 5330e IP Phone,549.98,2,0,142.99,Nov,2024,24-Nov,26.00%,Profitable,High
3612,US-2024-127509,11/9/2024,11/13/2024,Standard Class,AS-10090,Adam Shillingsburg,Consumer,United States,Springfield,Missouri,65807,Central,FUR-TA-10002855,Furniture,Tables,Bevis Round Conference Table Top & Single Column Base,1024.38,7,0,215.12,Nov,2024,24-Nov,21.00%,Profitable,High
3623,US-2024-146486,11/9/2024,11/14/2024,Second Class,DV-13465,Dianna Vittorini,Consumer,United States,Oceanside,New York,11572,East,TEC-AC-10002637,Technology,Accessories,Logitech VX Revolution Cordless Laser Mouse for Notebooks (Black),899.95,5,0,54,Nov,2024,24-Nov,6.00%,Profitable,High
3624,US-2024-169796,11/9/2024,11/14/2024,Standard Class,Dp-13240,Dean percer,Home Office,United States,New York City,New York,10035,East,TEC-MA-10000045,Technology,Machines,Zebra ZM400 Thermal Label Printer,2321.9,2,0,1114.51,Nov,2024,24-Nov,48.00%,Profitable,High
3626,US-2024-121783,11/10/2024,11/14/2024,Standard Class,PO-19180,Philisse Overcash,Home Office,United States,Roseville,Minnesota,55113,Central,OFF-AP-10003849,Office Supplies,Appliances,Hoover Shoulder Vac Commercial Portable Vacuum,715.64,2,0,178.91,Nov,2024,24-Nov,25.00%,Profitable,High
3628,US-2024-121783,11/10/2024,11/14/2024,Standard Class,PO-19180,Philisse Overcash,Home Office,United States,Roseville,Minnesota,55113,Central,OFF-ST-10000078,Office Supplies,Storage,Tennsco 6- and 18-Compartment Lockers,795.51,3,0,143.19,Nov,2024,24-Nov,18.00%,Profitable,High
3629,US-2024-147690,11/10/2024,11/14/2024,Standard Class,SC-20020,Sam Craven,Consumer,United States,Philadelphia,Pennsylvania,19140,East,OFF-ST-10001526,Office Supplies,Storage,Iceberg Mobile Mega Data/Printer Cart,577.58,6,0.2,43.32,Nov,2024,24-Nov,7.50%,Profitable,High
3630,US-2024-158659,11/10/2024,11/14/2024,Second Class,SC-20695,Steve Chapman,Corporate,United States,Richmond,Indiana,47374,Central,OFF-ST-10003306,Office Supplies,Storage,Letter Size Cart,714.3,5,0,207.15,Nov,2024,24-Nov,29.00%,Profitable,High
3632,US-2024-121783,11/10/2024,11/14/2024,Standard Class,PO-19180,Philisse Overcash,Home Office,United States,Roseville,Minnesota,55113,Central,TEC-CO-10001571,Technology,Copiers,Sharp 1540cs Digital Laser Copier,549.99,1,0,275,Nov,2024,24-Nov,50.00%,Profitable,High
3635,US-2024-113628,11/12/2024,11/19/2024,Standard Class,AH-10690,Anna Häberlin,Corporate,United States,Plantation,Florida,33317,South,FUR-CH-10003298,Furniture,Chairs,"Office Star - Contemporary Task Swivel chair with Loop Arms, Charcoal",523.92,5,0.2,-72.04,Nov,2024,24-Nov,-13.80%,Loss,High
3646,US-2024-130183,11/13/2024,11/17/2024,Standard Class,PO-18850,Patrick O'Brill,Consumer,United States,Houston,Texas,77041,Central,FUR-BO-10001811,Furniture,Bookcases,"Atlantic Metals Mobile 5-Shelf Bookcases, Custom Colors",614,3,0.32,-18.06,Nov,2024,24-Nov,-2.90%,Loss,High
3647,US-2024-104948,11/13/2024,11/17/2024,Standard Class,KH-16510,Keith Herrera,Consumer,United States,San Bernardino,California,92404,West,FUR-BO-10004357,Furniture,Bookcases,O'Sullivan Living Dimensions 3-Shelf Bookcases,683.33,4,0.15,-40.2,Nov,2024,24-Nov,-5.90%,Loss,High
3668,US-2024-123141,11/14/2024,11/19/2024,Standard Class,GZ-14470,Gary Zandusky,Consumer,United States,Rio Rancho,New Mexico,87124,West,FUR-CH-10004287,Furniture,Chairs,SAFCO Arco Folding Chair,883.84,4,0.2,99.43,Nov,2024,24-Nov,11.30%,Profitable,High
3670,US-2024-154746,11/14/2024,11/17/2024,First Class,PJ-18835,Patrick Jones,Corporate,United States,Springfield,Virginia,22153,South,OFF-AP-10003057,Office Supplies,Appliances,Honeywell Enviracaire Portable HEPA Air Cleaner for 16' x 20' Room,826.11,3,0,322.18,Nov,2024,24-Nov,39.00%,Profitable,High
3690,US-2024-150875,11/16/2024,11/20/2024,Standard Class,HK-14890,Heather Kirkland,Corporate,United States,Boise,Idaho,83704,West,FUR-TA-10000577,Furniture,Tables,Bretford CR4500 Series Slim Rectangular Table,696.42,2,0,160.18,Nov,2024,24-Nov,23.00%,Profitable,High
3691,US-2024-135685,11/16/2024,11/18/2024,Second Class,MP-18175,Mike Pelletier,Home Office,United States,Milwaukee,Wisconsin,53209,Central,FUR-TA-10000688,Furniture,Tables,"Chromcraft Bull-Nose Wood Round Conference Table Top, Wood Base",653.55,3,0,111.1,Nov,2024,24-Nov,17.00%,Profitable,High
3693,US-2024-164539,11/16/2024,11/22/2024,Standard Class,PO-19180,Philisse Overcash,Home Office,United States,New York City,New York,10011,East,OFF-AP-10002457,Office Supplies,Appliances,"Eureka The Boss Plus 12-Amp Hard Box Upright Vacuum, Red",523.25,5,0,141.28,Nov,2024,24-Nov,27.00%,Profitable,High
3697,US-2024-135685,11/16/2024,11/18/2024,Second Class,MP-18175,Mike Pelletier,Home Office,United States,Milwaukee,Wisconsin,53209,Central,TEC-AC-10004145,Technology,Accessories,Logitech diNovo Edge Keyboard,999.96,4,0,229.99,Nov,2024,24-Nov,23.00%,Profitable,High
3701,US-2024-110863,11/17/2024,11/24/2024,Standard Class,AA-10645,Anna Andreadi,Consumer,United States,Oklahoma City,Oklahoma,73120,Central,FUR-CH-10002073,Furniture,Chairs,Hon Olson Stacker Chairs,1323.9,5,0,383.93,Nov,2024,24-Nov,29.00%,Profitable,High
3706,US-2024-126725,11/17/2024,11/21/2024,Standard Class,BS-11665,Brian Stugart,Consumer,United States,San Diego,California,92105,West,OFF-ST-10000129,Office Supplies,Storage,Fellowes Recycled Storage Drawers,777.21,7,0,54.4,Nov,2024,24-Nov,7.00%,Profitable,High
3708,US-2024-110863,11/17/2024,11/24/2024,Standard Class,AA-10645,Anna Andreadi,Consumer,United States,Oklahoma City,Oklahoma,73120,Central,OFF-ST-10002756,Office Supplies,Storage,"Tennsco Stur-D-Stor Boltless Shelving, 5 Shelves, 24"" Deep, Sand",541.24,4,0,5.41,Nov,2024,24-Nov,1.00%,Profitable,High
3714,US-2024-145814,11/19/2024,11/24/2024,Standard Class,KD-16345,Katherine Ducich,Consumer,United States,New York City,New York,10035,East,TEC-PH-10002200,Technology,Phones,Aastra 6757i CT Wireless VoIP phone,861.76,4,0,249.91,Nov,2024,24-Nov,29.00%,Profitable,High
3718,US-2024-124058,11/20/2024,11/24/2024,Standard Class,LC-16885,Lena Creighton,Consumer,United States,Oakland,California,94601,West,FUR-CH-10000595,Furniture,Chairs,Safco Contoured Stacking Chairs,572.16,3,0.2,35.76,Nov,2024,24-Nov,6.20%,Profitable,High
3744,US-2024-119879,11/21/2024,11/25/2024,Standard Class,SS-20410,Shahid Shariari,Consumer,United States,Philadelphia,Pennsylvania,19120,East,FUR-TA-10002958,Furniture,Tables,"Bevis Oval Conference Table, Walnut",1252.7,8,0.4,-480.2,Nov,2024,24-Nov,-38.30%,Loss,High
3775,US-2024-123113,11/23/2024,11/27/2024,Second Class,AT-10735,Annie Thurman,Consumer,United States,Morristown,New Jersey,7960,East,OFF-AP-10000275,Office Supplies,Appliances,"Sanyo Counter Height Refrigerator with Crisper, 3.6 Cubic Foot, Stainless Steel/Black",2625.12,8,0,735.03,Nov,2024,24-Nov,28.00%,Profitable,High
3796,US-2024-166975,11/26/2024,11/30/2024,Standard Class,SH-20635,Stefanie Holloman,Corporate,United States,Jackson,Tennessee,38301,South,FUR-FU-10003930,Furniture,Furnishings,Howard Miller 12-3/4 Diameter Accuwave DS  Wall Clock,692.47,11,0.2,190.43,Nov,2024,24-Nov,27.50%,Profitable,High
3801,US-2024-158939,11/26/2024,12/1/2024,Standard Class,EA-14035,Erin Ashbrook,Corporate,United States,Springfield,Missouri,65807,Central,TEC-CO-10002313,Technology,Copiers,Canon PC1080F Personal Copier,599.99,1,0,234,Nov,2024,24-Nov,39.00%,Profitable,High
3818,US-2024-154389,11/27/2024,12/3/2024,Standard Class,EH-14125,Eugene Hildebrand,Home Office,United States,Philadelphia,Pennsylvania,19140,East,TEC-PH-10002789,Technology,Phones,LG Exalt,748.75,8,0.4,-162.23,Nov,2024,24-Nov,-21.70%,Loss,High
3831,US-2024-159982,11/28/2024,12/4/2024,Standard Class,DR-12880,Dan Reichenbach,Corporate,United States,Chicago,Illinois,60623,Central,TEC-PH-10001580,Technology,Phones,Logitech Mobile Speakerphone P710e - speaker phone,647.9,6,0.2,56.69,Nov,2024,24-Nov,8.80%,Profitable,High
3832,US-2024-110016,11/29/2024,12/4/2024,Standard Class,BT-11395,Bill Tyler,Corporate,United States,Detroit,Michigan,48227,Central,FUR-CH-10002880,Furniture,Chairs,"Global High-Back Leather Tilter, Burgundy",1106.91,9,0,121.76,Nov,2024,24-Nov,11.00%,Profitable,High
3834,US-2024-138009,11/29/2024,12/3/2024,Standard Class,SF-20965,Sylvia Foulston,Corporate,United States,Dearborn,Michigan,48126,Central,OFF-AP-10000179,Office Supplies,Appliances,Honeywell Enviracaire Portable HEPA Air Cleaner for up to 10 x 16 Room,555.21,5,0.1,178.9,Nov,2024,24-Nov,32.20%,Profitable,High
3840,US-2024-138009,11/29/2024,12/3/2024,Standard Class,SF-20965,Sylvia Foulston,Corporate,United States,Dearborn,Michigan,48126,Central,OFF-ST-10001272,Office Supplies,Storage,"Mini 13-1/2 Capacity Data Binder Rack, Pearl",523.48,4,0,130.87,Nov,2024,24-Nov,25.00%,Profitable,High
3842,US-2024-137925,11/30/2024,12/4/2024,Standard Class,JL-15235,Janet Lee,Consumer,United States,New York City,New York,10035,East,FUR-BO-10001608,Furniture,Bookcases,"Hon Metal Bookcases, Black",681.41,12,0.2,42.59,Nov,2024,24-Nov,6.30%,Profitable,High
3857,US-2024-137113,12/1/2024,12/5/2024,Second Class,TW-21025,Tamara Willingham,Home Office,United States,Seattle,Washington,98105,West,FUR-CH-10001215,Furniture,Chairs,Global Troy Executive Leather Low-Back Tilter,2003.92,5,0.2,125.25,Dec,2024,24-Dec,6.30%,Profitable,High
3858,US-2024-111038,12/1/2024,12/6/2024,Standard Class,LC-16960,Lindsay Castell,Home Office,United States,San Diego,California,92037,West,FUR-CH-10003973,Furniture,Chairs,GuestStacker Chair with Chrome Finish Legs,2676.67,9,0.2,267.67,Dec,2024,24-Dec,10.00%,Profitable,High
3860,US-2024-137113,12/1/2024,12/5/2024,Second Class,TW-21025,Tamara Willingham,Home Office,United States,Seattle,Washington,98105,West,FUR-TA-10001705,Furniture,Tables,Bush Advantage Collection Round Conference Table,1913.4,9,0,401.81,Dec,2024,24-Dec,21.00%,Profitable,High
3879,US-2024-142475,12/3/2024,12/7/2024,Standard Class,BS-11380,Bill Stewart,Corporate,United States,New York City,New York,10011,East,OFF-BI-10003718,Office Supplies,Binders,GBC Therma-A-Bind 250T Electric Binding System,590.35,6,0.2,206.62,Dec,2024,24-Dec,35.00%,Profitable,High
3894,US-2024-155600,12/4/2024,12/7/2024,Second Class,RO-19780,Rose O'Brian,Consumer,United States,Clarksville,Tennessee,37042,South,OFF-BI-10000545,Office Supplies,Binders,GBC Ibimaster 500 Manual ProClick Binding System,1598.06,7,0.7,-1065.37,Dec,2024,24-Dec,-66.70%,Loss,High
3901,US-2024-130659,12/4/2024,12/9/2024,Second Class,MS-17365,Maribeth Schnelling,Consumer,United States,New York City,New York,10035,East,TEC-PH-10004586,Technology,Phones,Wilson SignalBoost 841262 DB PRO Amplifier Kit,1799.75,5,0,539.93,Dec,2024,24-Dec,30.00%,Profitable,High
3933,US-2024-114741,12/6/2024,12/10/2024,Standard Class,IL-15100,Ivan Liston,Consumer,United States,North Las Vegas,Nevada,89031,West,OFF-ST-10000078,Office Supplies,Storage,Tennsco 6- and 18-Compartment Lockers,1325.85,5,0,238.65,Dec,2024,24-Dec,18.00%,Profitable,High
3935,US-2024-127040,12/6/2024,12/10/2024,Standard Class,SG-20605,Speros Goranitis,Consumer,United States,New York City,New York,10009,East,TEC-AC-10002637,Technology,Accessories,Logitech VX Revolution Cordless Laser Mouse for Notebooks (Black),1619.91,9,0,97.19,Dec,2024,24-Dec,6.00%,Profitable,High
3936,US-2024-156104,12/6/2024,12/8/2024,Second Class,NP-18685,Nora Pelletier,Home Office,United States,Indianapolis,Indiana,46203,Central,TEC-CO-10002095,Technology,Copiers,Hewlett Packard 610 Color Digital Copier / Printer,999.98,2,0,449.99,Dec,2024,24-Dec,45.00%,Profitable,High
3948,US-2024-165050,12/7/2024,12/9/2024,First Class,AH-10210,Alan Hwang,Consumer,United States,New York City,New York,10024,East,TEC-PH-10001336,Technology,Phones,Digium D40 VoIP phone,773.94,6,0,224.44,Dec,2024,24-Dec,29.00%,Profitable,High
3953,US-2024-135622,12/8/2024,12/11/2024,Second Class,TT-21460,Tonja Turnell,Home Office,United States,Fort Worth,Texas,76106,Central,TEC-PH-10001817,Technology,Phones,Wilson Electronics DB Pro Signal Booster,1718.4,6,0.2,150.36,Dec,2024,24-Dec,8.80%,Profitable,High
3956,US-2024-138093,12/10/2024,12/16/2024,Standard Class,KM-16225,Kalyca Meade,Corporate,United States,Baltimore,Maryland,21215,East,FUR-CH-10000785,Furniture,Chairs,Global Ergonomic Managers Chair,542.94,3,0,141.16,Dec,2024,24-Dec,26.00%,Profitable,High
3958,US-2024-121650,12/10/2024,12/16/2024,Standard Class,KD-16495,Keith Dawkins,Corporate,United States,Jackson,Michigan,49201,Central,FUR-TA-10003569,Furniture,Tables,Bretford CR8500 Series Meeting Room Furniture,801.96,2,0,200.49,Dec,2024,24-Dec,25.00%,Profitable,High
3974,US-2024-143105,12/10/2024,12/10/2024,Same Day,MA-17560,Matt Abelman,Home Office,United States,New York City,New York,10024,East,TEC-CO-10002095,Technology,Copiers,Hewlett Packard 610 Color Digital Copier / Printer,799.98,2,0.2,250,Dec,2024,24-Dec,31.30%,Profitable,High
4036,US-2024-147830,12/15/2024,12/18/2024,First Class,NF-18385,Natalie Fritzler,Consumer,United States,Newark,Ohio,43055,East,TEC-AC-10002049,Technology,Accessories,Plantronics Savi W720 Multi-Device Wireless Headset System,2025.36,6,0.2,607.61,Dec,2024,24-Dec,30.00%,Profitable,High
4037,US-2024-109638,12/15/2024,12/22/2024,Standard Class,JH-15985,Joseph Holt,Consumer,United States,Seattle,Washington,98115,West,TEC-AC-10004571,Technology,Accessories,Logitech G700s Rechargeable Gaming Mouse,899.91,9,0,377.96,Dec,2024,24-Dec,42.00%,Profitable,High
4038,US-2024-147830,12/15/2024,12/18/2024,First Class,NF-18385,Natalie Fritzler,Consumer,United States,Newark,Ohio,43055,East,TEC-MA-10000418,Technology,Machines,Cubify CubeX 3D Printer Double Head Print,1799.99,2,0.7,-2639.99,Dec,2024,24-Dec,-146.70%,Loss,High
4042,US-2024-138121,12/17/2024,12/17/2024,Same Day,JL-15835,John Lee,Consumer,United States,Detroit,Michigan,48205,Central,FUR-CH-10003817,Furniture,Chairs,"Global Value Steno Chair, Gray",546.66,9,0,136.67,Dec,2024,24-Dec,25.00%,Profitable,High
4059,US-2024-120161,12/18/2024,12/23/2024,Standard Class,LM-17065,Liz MacKendrick,Consumer,United States,Springfield,Ohio,45503,East,OFF-ST-10001809,Office Supplies,Storage,Fellowes Officeware Wire Shelving,646.78,9,0.2,-145.52,Dec,2024,24-Dec,-22.50%,Loss,High
4061,US-2024-134558,12/19/2024,12/24/2024,Second Class,PM-19135,Peter McVee,Home Office,United States,Dover,New Hampshire,3820,East,FUR-TA-10003473,Furniture,Tables,Bretford Rectangular Conference Table Tops,1053.16,4,0.3,-105.32,Dec,2024,24-Dec,-10.00%,Loss,High
4070,US-2024-157084,12/19/2024,12/24/2024,Standard Class,JG-15160,James Galang,Consumer,United States,Los Angeles,California,90049,West,TEC-AC-10002049,Technology,Accessories,Plantronics Savi W720 Multi-Device Wireless Headset System,1265.85,3,0,556.97,Dec,2024,24-Dec,44.00%,Profitable,High
4071,US-2024-134558,12/19/2024,12/24/2024,Second Class,PM-19135,Peter McVee,Home Office,United States,Dover,New Hampshire,3820,East,TEC-AC-10004145,Technology,Accessories,Logitech diNovo Edge Keyboard,2249.91,9,0,517.48,Dec,2024,24-Dec,23.00%,Profitable,High
4074,US-2024-157084,12/19/2024,12/24/2024,Standard Class,JG-15160,James Galang,Consumer,United States,Los Angeles,California,90049,West,TEC-PH-10002922,Technology,Phones,ShoreTel ShorePhone IP 230 VoIP phone,675.96,5,0.2,84.49,Dec,2024,24-Dec,12.50%,Profitable,High
4087,US-2024-126214,12/21/2024,12/24/2024,Second Class,JS-15880,John Stevenson,Consumer,United States,Seattle,Washington,98103,West,FUR-TA-10003748,Furniture,Tables,Bevis 36 x 72 Conference Tables,1618.37,13,0,356.04,Dec,2024,24-Dec,22.00%,Profitable,High
4093,US-2024-154284,12/21/2024,12/26/2024,Second Class,SZ-20035,Sam Zeldin,Home Office,United States,Saint Charles,Illinois,60174,Central,TEC-AC-10003198,Technology,Accessories,Enermax Acrylux Wireless Keyboard,637.44,8,0.2,135.46,Dec,2024,24-Dec,21.30%,Profitable,High
4095,US-2024-154284,12/21/2024,12/26/2024,Second Class,SZ-20035,Sam Zeldin,Home Office,United States,Saint Charles,Illinois,60174,Central,TEC-MA-10004241,Technology,Machines,Star Micronics TSP800 TSP847IIU Receipt Printer,600.53,2,0.3,137.26,Dec,2024,24-Dec,22.90%,Profitable,High
4101,US-2024-103471,12/24/2024,12/28/2024,Standard Class,JR-15670,Jim Radford,Consumer,United States,Colorado Springs,Colorado,80906,West,FUR-BO-10002613,Furniture,Bookcases,"Atlantic Metals Mobile 4-Shelf Bookcases, Custom Colors",590.06,7,0.7,-786.74,Dec,2024,24-Dec,-133.30%,Loss,High
4102,US-2024-135538,12/24/2024,12/28/2024,Standard Class,HR-14830,Harold Ryan,Corporate,United States,Gilbert,Arizona,85234,West,FUR-CH-10004287,Furniture,Chairs,SAFCO Arco Folding Chair,883.84,4,0.2,99.43,Dec,2024,24-Dec,11.30%,Profitable,High
4117,US-2024-128587,12/24/2024,12/30/2024,Standard Class,HM-14860,Harry Marie,Corporate,United States,Springfield,Missouri,65807,Central,TEC-CO-10003763,Technology,Copiers,Canon PC1060 Personal Laser Copier,4899.93,7,0,2302.97,Dec,2024,24-Dec,47.00%,Profitable,High
4123,US-2024-147739,12/25/2024,12/29/2024,Standard Class,JD-16150,Justin Deggeller,Corporate,United States,Philadelphia,Pennsylvania,19140,East,FUR-FU-10001468,Furniture,Furnishings,Tenex Antistatic Computer Chair Mats,547.14,4,0.2,-68.39,Dec,2024,24-Dec,-12.50%,Loss,High
4133,US-2024-113152,12/25/2024,12/30/2024,Standard Class,JK-15625,Jim Karlsson,Consumer,United States,New York City,New York,10024,East,TEC-AC-10002049,Technology,Accessories,Plantronics Savi W720 Multi-Device Wireless Headset System,843.9,2,0,371.32,Dec,2024,24-Dec,44.00%,Profitable,High
4134,US-2024-111780,12/25/2024,12/30/2024,Second Class,RA-19285,Ralph Arnett,Consumer,United States,San Diego,California,92037,West,TEC-CO-10004202,Technology,Copiers,Brother DCP1000 Digital 3 in 1 Multifunction Machine,1199.96,5,0.2,224.99,Dec,2024,24-Dec,18.80%,Profitable,High
4141,US-2024-117415,12/27/2024,12/31/2024,Standard Class,SN-20710,Steve Nguyen,Home Office,United States,Houston,Texas,77041,Central,FUR-BO-10002545,Furniture,Bookcases,"Atlantic Metals Mobile 3-Shelf Bookcases, Custom Colors",532.4,3,0.32,-46.98,Dec,2024,24-Dec,-8.80%,Loss,High
4145,US-2024-101889,12/27/2024,12/31/2024,Standard Class,DB-13120,David Bremer,Corporate,United States,Marion,Ohio,43302,East,FUR-TA-10004154,Furniture,Tables,"Riverside Furniture Oval Coffee Table, Oval End Table, End Table with Drawer",1548.99,9,0.4,-464.7,Dec,2024,24-Dec,-30.00%,Loss,High
4161,US-2024-130113,12/27/2024,12/31/2024,Standard Class,AH-10030,Aaron Hawkins,Corporate,United States,San Francisco,California,94122,West,TEC-PH-10003505,Technology,Phones,Geemarc AmpliPOWER60,668.16,9,0.2,75.17,Dec,2024,24-Dec,11.30%,Profitable,High
4169,US-2024-135580,12/30/2024,1/3/2025,Standard Class,CL-12565,Clay Ludtke,Consumer,United States,Los Angeles,California,90049,West,TEC-MA-10004002,Technology,Machines,Zebra GX420t Direct Thermal/Thermal Transfer Printer,2548.56,6,0.2,286.71,Dec,2024,24-Dec,11.30%,Profitable,High
4184,US-2025-105207,1/3/2025,1/8/2025,Standard Class,BO-11350,Bill Overfelt,Corporate,United States,Broken Arrow,Oklahoma,74012,Central,FUR-TA-10000617,Furniture,Tables,"Hon Practical Foundations 30 x 60 Training Table, Light Gray/Charcoal",1592.85,7,0,350.43,Jan,2025,25-Jan,22.00%,Profitable,High
4192,US-2025-164630,1/4/2025,1/9/2025,Standard Class,EB-13975,Erica Bern,Corporate,United States,Charlotte,North Carolina,28205,South,TEC-CO-10000971,Technology,Copiers,Hewlett Packard 310 Color Digital Copier,959.97,4,0.2,120,Jan,2025,25-Jan,12.50%,Profitable,High
4199,US-2025-100461,1/8/2025,1/12/2025,Standard Class,JO-15145,Jack O'Briant,Corporate,United States,Franklin,Wisconsin,53132,Central,FUR-BO-10002545,Furniture,Bookcases,"Atlantic Metals Mobile 3-Shelf Bookcases, Custom Colors",1565.88,6,0,407.13,Jan,2025,25-Jan,26.00%,Profitable,High
4231,US-2025-167339,1/21/2025,1/23/2025,Second Class,TD-20995,Tamara Dahlen,Consumer,United States,San Diego,California,92037,West,FUR-CH-10000785,Furniture,Chairs,Global Ergonomic Managers Chair,1013.49,7,0.2,76.01,Jan,2025,25-Jan,7.50%,Profitable,High
4251,US-2025-165505,1/23/2025,1/27/2025,Standard Class,CB-12535,Claudia Bergmann,Corporate,United States,Burlington,Vermont,5401,East,OFF-ST-10001526,Office Supplies,Storage,Iceberg Mobile Mega Data/Printer Cart,1564.29,13,0,406.72,Jan,2025,25-Jan,26.00%,Profitable,High
4263,US-2025-168032,1/30/2025,2/3/2025,Standard Class,DF-13135,David Flashing,Consumer,United States,Rockford,Illinois,61107,Central,FUR-TA-10004256,Furniture,Tables,Bretford “Just In Time” Height-Adjustable Multi-Task Work Tables,626.1,3,0.5,-538.45,Jan,2025,25-Jan,-86.00%,Loss,High
4270,US-2025-168032,1/30/2025,2/3/2025,Standard Class,DF-13135,David Flashing,Consumer,United States,Rockford,Illinois,61107,Central,TEC-PH-10004241,Technology,Phones,Nokia Lumia 1020,1439.97,4,0.2,144,Jan,2025,25-Jan,10.00%,Profitable,High
4271,US-2025-159891,1/31/2025,2/6/2025,Standard Class,BF-11170,Ben Ferrer,Home Office,United States,Atlanta,Georgia,30318,South,OFF-BI-10003527,Office Supplies,Binders,Fellowes PB500 Electric Punch Plastic Comb Binding Machine with Manual Bind,1270.99,1,0,635.5,Jan,2025,25-Jan,50.00%,Profitable,High
4283,US-2025-158841,2/2/2025,2/4/2025,Second Class,SE-20110,Sanjit Engle,Consumer,United States,Arlington,Virginia,22204,South,TEC-MA-10001127,Technology,Machines,"HP Designjet T520 Inkjet Large Format Printer - 24"" Color",8749.95,5,0,2799.98,Feb,2025,25-Feb,32.00%,Profitable,High
4284,US-2025-118514,2/3/2025,2/10/2025,Standard Class,LC-17050,Liz Carlisle,Consumer,United States,Richmond,Kentucky,40475,South,FUR-CH-10000015,Furniture,Chairs,Hon Multipurpose Stacking Arm Chairs,866.4,4,0,225.26,Feb,2025,25-Feb,26.00%,Profitable,High
4290,US-2025-100993,2/5/2025,2/10/2025,Standard Class,AZ-10750,Annie Zypern,Consumer,United States,San Diego,California,92037,West,FUR-TA-10001095,Furniture,Tables,Chromcraft Round Conference Tables,557.73,4,0.2,6.97,Feb,2025,25-Feb,1.30%,Profitable,High
4307,US-2025-135461,2/7/2025,2/10/2025,Second Class,EB-13975,Erica Bern,Corporate,United States,Los Angeles,California,90049,West,TEC-PH-10004094,Technology,Phones,Motorola L703CM,623.96,5,0.2,39,Feb,2025,25-Feb,6.30%,Profitable,High
4309,US-2025-109344,2/8/2025,2/11/2025,Second Class,CH-12070,Cathy Hwang,Home Office,United States,Raleigh,North Carolina,27604,South,TEC-PH-10002624,Technology,Phones,Samsung Galaxy S4 Mini,1127.98,3,0.2,126.9,Feb,2025,25-Feb,11.30%,Profitable,High
4314,US-2025-110492,2/12/2025,2/14/2025,First Class,JS-15880,John Stevenson,Consumer,United States,Atlanta,Georgia,30318,South,OFF-ST-10003716,Office Supplies,Storage,Tennsco Double-Tier Lockers,1350.12,6,0,175.52,Feb,2025,25-Feb,13.00%,Profitable,High
4317,US-2025-134334,2/14/2025,2/15/2025,First Class,DK-13090,Dave Kipp,Consumer,United States,Clinton,Maryland,20735,East,FUR-TA-10002356,Furniture,Tables,Bevis Boat-Shaped Conference Table,550.43,3,0.3,-47.18,Feb,2025,25-Feb,-8.60%,Loss,High
4360,US-2025-143819,3/1/2025,3/5/2025,Standard Class,KD-16270,Karen Daniels,Consumer,United States,Yonkers,New York,10701,East,FUR-TA-10001095,Furniture,Tables,Chromcraft Round Conference Tables,836.59,8,0.4,-264.92,Mar,2025,25-Mar,-31.70%,Loss,High
4363,US-2025-143819,3/1/2025,3/5/2025,Standard Class,KD-16270,Karen Daniels,Consumer,United States,Yonkers,New York,10701,East,TEC-MA-10003979,Technology,Machines,Ativa V4110MDD Micro-Cut Shredder,4899.93,7,0,2400.97,Mar,2025,25-Mar,49.00%,Profitable,High
4365,US-2025-116799,3/3/2025,3/6/2025,First Class,JG-15310,Jason Gross,Corporate,United States,Odessa,Texas,79762,Central,FUR-CH-10004983,Furniture,Chairs,Office Star - Mid Back Dual function Ergonomic High Back Chair with 2-Way Adjustable Arms,563.43,5,0.3,-56.34,Mar,2025,25-Mar,-10.00%,Loss,High
4367,US-2025-145730,3/3/2025,3/8/2025,Standard Class,CC-12220,Chris Cortes,Consumer,United States,San Antonio,Texas,78207,Central,FUR-TA-10004915,Furniture,Tables,"Office Impressions End Table, 20-1/2""H x 24""W x 20""D",637.9,3,0.3,-127.58,Mar,2025,25-Mar,-20.00%,Loss,High
4373,US-2025-103982,3/3/2025,3/8/2025,Standard Class,AA-10315,Alex Avila,Consumer,United States,Round Rock,Texas,78664,Central,OFF-SU-10000151,Office Supplies,Supplies,High Speed Automatic Electric Letter Opener,3930.07,3,0.2,-786.01,Mar,2025,25-Mar,-20.00%,Loss,High
4405,US-2025-169103,3/8/2025,3/13/2025,Standard Class,ZC-21910,Zuschuss Carroll,Consumer,United States,Miami,Florida,33142,South,TEC-PH-10001530,Technology,Phones,Cisco Unified IP Phone 7945G VoIP phone,1363.96,5,0.2,85.25,Mar,2025,25-Mar,6.30%,Profitable,High
4417,US-2025-169663,3/10/2025,3/13/2025,First Class,RH-19510,Rick Huthwaite,Home Office,United States,Los Angeles,California,90045,West,TEC-MA-10000984,Technology,Machines,Okidata MB760 Printer,3357.6,3,0.2,377.73,Mar,2025,25-Mar,11.30%,Profitable,High
4418,US-2025-159016,3/10/2025,3/11/2025,First Class,KF-16285,Karen Ferguson,Home Office,United States,Los Angeles,California,90008,West,TEC-PH-10002885,Technology,Phones,Apple iPhone 5,4158.91,8,0.2,363.9,Mar,2025,25-Mar,8.80%,Profitable,High
4425,US-2025-127138,3/12/2025,3/15/2025,Second Class,DK-13225,Dean Katz,Corporate,United States,San Francisco,California,94109,West,FUR-CH-10003746,Furniture,Chairs,Hon 4070 Series Pagoda Round Back Stacking Chairs,770.35,3,0.2,77.04,Mar,2025,25-Mar,10.00%,Profitable,High
4431,US-2025-127138,3/12/2025,3/15/2025,Second Class,DK-13225,Dean Katz,Corporate,United States,San Francisco,California,94109,West,OFF-ST-10002756,Office Supplies,Storage,"Tennsco Stur-D-Stor Boltless Shelving, 5 Shelves, 24"" Deep, Sand",676.55,5,0,6.77,Mar,2025,25-Mar,1.00%,Profitable,High
4435,US-2025-159373,3/13/2025,3/18/2025,Standard Class,LT-17110,Liz Thompson,Consumer,United States,San Antonio,Texas,78207,Central,FUR-TA-10004619,Furniture,Tables,Hon Non-Folding Utility Tables,557.59,5,0.3,0,Mar,2025,25-Mar,0.00%,Loss,High
4445,US-2025-114013,3/13/2025,3/15/2025,Second Class,SC-20770,Stewart Carmichael,Corporate,United States,Philadelphia,Pennsylvania,19134,East,OFF-ST-10002574,Office Supplies,Storage,"SAFCO Commercial Wire Shelving, Black",552.56,5,0.2,-138.14,Mar,2025,25-Mar,-25.00%,Loss,High
4447,US-2025-136301,3/13/2025,3/15/2025,Second Class,EH-13765,Edward Hooks,Corporate,United States,San Francisco,California,94109,West,OFF-SU-10000151,Office Supplies,Supplies,High Speed Automatic Electric Letter Opener,4912.59,3,0,196.5,Mar,2025,25-Mar,4.00%,Profitable,High
4451,US-2025-114013,3/13/2025,3/15/2025,Second Class,SC-20770,Stewart Carmichael,Corporate,United States,Philadelphia,Pennsylvania,19134,East,TEC-PH-10001494,Technology,Phones,Polycom CX600 IP Phone VoIP phone,539.91,3,0.4,-116.98,Mar,2025,25-Mar,-21.70%,Loss,High
4452,CA-2025-139675,3/13/2025,3/18/2025,Second Class,NF-18595,Nicole Fjeld,Home Office,Canada,Calgary,Alberta,T2C,West,FUR-CH-10004063,Furniture,Chairs,Global Deluxe High-Back Manager's Chair,915.14,4,0.2,102.95,Mar,2025,25-Mar,11.20%,Profitable,High
4461,US-2025-138968,3/15/2025,3/16/2025,First Class,FC-14335,Fred Chung,Corporate,United States,San Francisco,California,94110,West,FUR-CH-10000309,Furniture,Chairs,Global Comet Stacking Arm Chair,1352.03,4,0.2,84.5,Mar,2025,25-Mar,6.30%,Profitable,High
4462,US-2025-149272,3/15/2025,3/19/2025,Standard Class,MY-18295,Muhammed Yedwab,Corporate,United States,Bryan,Texas,77803,Central,FUR-CH-10000863,Furniture,Chairs,Novimex Swivel Fabric Task Chair,528.43,5,0.3,-143.43,Mar,2025,25-Mar,-27.10%,Loss,High
4468,US-2025-131737,3/17/2025,3/17/2025,Same Day,GZ-14470,Gary Zandusky,Consumer,United States,Columbia,Maryland,21044,East,FUR-FU-10004306,Furniture,Furnishings,Electrix Halogen Magnifier Lamp,971.5,5,0,252.59,Mar,2025,25-Mar,26.00%,Profitable,High
4469,US-2025-131737,3/17/2025,3/17/2025,Same Day,GZ-14470,Gary Zandusky,Consumer,United States,Columbia,Maryland,21044,East,OFF-AP-10002945,Office Supplies,Appliances,Honeywell Enviracaire Portable HEPA Air Cleaner for 17' x 22' Room,901.95,3,0,297.64,Mar,2025,25-Mar,33.00%,Profitable,High
4476,US-2025-113292,3/18/2025,3/20/2025,Second Class,DB-13060,Dave Brooks,Consumer,United States,Columbia,Tennessee,38401,South,OFF-AP-10003590,Office Supplies,Appliances,Hoover WindTunnel Plus Canister Vacuum,871.8,3,0.2,87.18,Mar,2025,25-Mar,10.00%,Profitable,High
4483,US-2025-127670,3/20/2025,3/24/2025,Standard Class,RD-19660,Robert Dilbeck,Home Office,United States,Saint Peters,Missouri,63376,Central,FUR-TA-10001095,Furniture,Tables,Chromcraft Round Conference Tables,697.16,4,0,146.4,Mar,2025,25-Mar,21.00%,Profitable,High
4489,US-2025-133879,3/21/2025,3/28/2025,Standard Class,KT-16465,Kean Takahito,Consumer,United States,Chicago,Illinois,60623,Central,FUR-CH-10000665,Furniture,Chairs,"Global Airflow Leather Mesh Back Chair, Black",528.43,5,0.3,0,Mar,2025,25-Mar,0.00%,Loss,High
4501,US-2025-134887,3/25/2025,3/25/2025,Same Day,TB-21280,Toby Braunhardt,Consumer,United States,Norman,Oklahoma,73071,Central,TEC-AC-10003832,Technology,Accessories,Logitech P710e Mobile Speakerphone,1287.45,5,0,244.62,Mar,2025,25-Mar,19.00%,Profitable,High
4514,US-2025-152555,3/29/2025,4/2/2025,Second Class,ME-17320,Maria Etezadi,Home Office,United States,Chicago,Illinois,60653,Central,FUR-CH-10002965,Furniture,Chairs,"Global Leather Highback Executive Chair with Pneumatic Height Adjustment, Black",844.12,6,0.3,-36.18,Mar,2025,25-Mar,-4.30%,Loss,High
4521,US-2025-152555,3/29/2025,4/2/2025,Second Class,ME-17320,Maria Etezadi,Home Office,United States,Chicago,Illinois,60653,Central,TEC-PH-10001254,Technology,Phones,Jabra BIZ 2300 Duo QD Duo Corded Headset,812.74,8,0.2,60.96,Mar,2025,25-Mar,7.50%,Profitable,High
4526,US-2025-111213,4/1/2025,4/5/2025,Standard Class,FP-14320,Frank Preis,Consumer,United States,New York City,New York,10009,East,FUR-CH-10000454,Furniture,Chairs,"Hon Deluxe Fabric Upholstered Stacking Chairs, Rounded Back",1317.49,6,0.1,292.78,Apr,2025,25-Apr,22.20%,Profitable,High
4543,US-2025-123540,4/2/2025,4/6/2025,Second Class,DJ-13420,Denny Joy,Corporate,United States,Milwaukee,Wisconsin,53209,Central,FUR-CH-10000847,Furniture,Chairs,Global Executive Mid-Back Manager's Chair,1454.9,5,0,378.27,Apr,2025,25-Apr,26.00%,Profitable,High
4549,US-2025-167115,4/4/2025,4/9/2025,Standard Class,EH-14185,Evan Henry,Consumer,United States,New York City,New York,10035,East,OFF-BI-10004600,Office Supplies,Binders,Ibico Ibimaster 300 Manual Binding System,588.78,2,0.2,184,Apr,2025,25-Apr,31.30%,Profitable,High
4555,US-2025-161907,4/5/2025,4/9/2025,Standard Class,JH-16180,Justin Hirsh,Consumer,United States,Philadelphia,Pennsylvania,19140,East,OFF-SU-10000646,Office Supplies,Supplies,Premier Automatic Letter Opener,769.18,4,0.2,-163.45,Apr,2025,25-Apr,-21.30%,Loss,High
4557,US-2025-150140,4/6/2025,4/10/2025,Standard Class,VM-21685,Valerie Mitchum,Home Office,United States,Burlington,Vermont,5401,East,TEC-PH-10002555,Technology,Phones,Nortel Meridian M5316 Digital phone,1294.75,5,0,336.64,Apr,2025,25-Apr,26.00%,Profitable,High
4558,US-2025-120530,4/7/2025,4/12/2025,Standard Class,Dl-13600,Dorris liebe,Corporate,United States,New York City,New York,10035,East,FUR-CH-10000454,Furniture,Chairs,"Hon Deluxe Fabric Upholstered Stacking Chairs, Rounded Back",658.75,3,0.1,146.39,Apr,2025,25-Apr,22.20%,Profitable,High
4563,US-2025-110499,4/7/2025,4/9/2025,First Class,YC-21895,Yoseph Carroll,Corporate,United States,San Francisco,California,94110,West,TEC-CO-10002095,Technology,Copiers,Hewlett Packard 610 Color Digital Copier / Printer,1199.98,3,0.2,374.99,Apr,2025,25-Apr,31.30%,Profitable,High
4571,US-2025-130946,4/8/2025,4/12/2025,Standard Class,ZC-21910,Zuschuss Carroll,Consumer,United States,Houston,Texas,77041,Central,OFF-BI-10004995,Office Supplies,Binders,GBC DocuBind P400 Electric Binding System,1088.79,4,0.8,-1850.95,Apr,2025,25-Apr,-170.00%,Loss,High
4582,US-2025-117681,4/9/2025,4/14/2025,Standard Class,HF-14995,Herbert Flentye,Consumer,United States,Los Angeles,California,90004,West,FUR-BO-10001798,Furniture,Bookcases,Bush Somerset Collection Bookcase,556.67,5,0.15,6.55,Apr,2025,25-Apr,1.20%,Profitable,High
4585,US-2025-128517,4/9/2025,4/14/2025,Second Class,SW-20350,Sean Wendt,Home Office,United States,Detroit,Michigan,48227,Central,TEC-PH-10002555,Technology,Phones,Nortel Meridian M5316 Digital phone,517.9,2,0,134.65,Apr,2025,25-Apr,26.00%,Profitable,High
4593,US-2025-123358,4/10/2025,4/17/2025,Standard Class,BT-11680,Brian Thompson,Consumer,United States,San Francisco,California,94122,West,OFF-ST-10001932,Office Supplies,Storage,Fellowes Staxonsteel Drawer Files,579.51,3,0,81.13,Apr,2025,25-Apr,14.00%,Profitable,High
4595,US-2025-142398,4/12/2025,4/16/2025,Standard Class,BP-11290,Beth Paige,Consumer,United States,Los Angeles,California,90036,West,FUR-CH-10001545,Furniture,Chairs,Hon Comfortask Task/Swivel Chairs,638.29,7,0.2,-31.91,Apr,2025,25-Apr,-5.00%,Loss,High
4606,US-2025-112669,4/14/2025,4/14/2025,Same Day,KT-16465,Kean Takahito,Consumer,United States,Glendale,Arizona,85301,West,FUR-CH-10004086,Furniture,Chairs,Hon 4070 Series Pagoda Armless Upholstered Stacking Chairs,933.54,4,0.2,105.02,Apr,2025,25-Apr,11.30%,Profitable,High
4611,US-2025-136406,4/15/2025,4/17/2025,Second Class,BD-11320,Bill Donatelli,Consumer,United States,San Francisco,California,94110,West,FUR-CH-10002024,Furniture,Chairs,HON 5400 Series Task Chairs for Big and Tall,1121.57,2,0.2,0,Apr,2025,25-Apr,0.00%,Loss,High
4625,US-2025-107440,4/16/2025,4/20/2025,Standard Class,BS-11365,Bill Shonely,Corporate,United States,Lakewood,New Jersey,8701,East,TEC-MA-10001047,Technology,Machines,"3D Systems Cube Printer, 2nd Generation, Magenta",9099.93,7,0,2365.98,Apr,2025,25-Apr,26.00%,Profitable,High
4637,US-2025-125087,4/18/2025,4/23/2025,Standard Class,TH-21115,Thea Hudgings,Corporate,United States,Houston,Texas,77070,Central,OFF-ST-10001780,Office Supplies,Storage,Tennsco 16-Compartment Lockers with Coat Rack,1554.94,3,0.2,77.75,Apr,2025,25-Apr,5.00%,Profitable,High
4665,US-2025-109869,4/22/2025,4/29/2025,Standard Class,TN-21040,Tanja Norvell,Home Office,United States,Phoenix,Arizona,85023,West,FUR-TA-10001889,Furniture,Tables,Bush Advantage Collection Racetrack Conference Table,1272.63,6,0.5,-814.48,Apr,2025,25-Apr,-64.00%,Loss,High
4680,US-2025-149279,4/24/2025,4/28/2025,Standard Class,CL-12700,Craig Leslie,Home Office,United States,Colorado Springs,Colorado,80906,West,FUR-CH-10004287,Furniture,Chairs,SAFCO Arco Folding Chair,1325.76,6,0.2,149.15,Apr,2025,25-Apr,11.30%,Profitable,High
4726,US-2025-102239,5/5/2025,5/6/2025,First Class,LW-16990,Lindsay Williams,Corporate,United States,Henderson,Nevada,89015,West,FUR-TA-10003392,Furniture,Tables,Global Adaptabilities Conference Tables,1685.88,6,0,320.32,May,2025,25-May,19.00%,Profitable,High
4748,US-2025-128818,5/7/2025,5/11/2025,Standard Class,CJ-12010,Caroline Jumper,Consumer,United States,New York City,New York,10009,East,TEC-MA-10000488,Technology,Machines,Bady BDG101FRU Card Printer,3999.95,5,0,1159.99,May,2025,25-May,29.00%,Profitable,High
4758,US-2025-106530,5/8/2025,5/8/2025,Same Day,CL-12565,Clay Ludtke,Consumer,United States,Cleveland,Ohio,44105,East,OFF-ST-10002011,Office Supplies,Storage,Smead Adjustable Mobile File Trolley with Lockable Top,1006.06,3,0.2,88.03,May,2025,25-May,8.80%,Profitable,High
4769,US-2025-144057,5/9/2025,5/13/2025,Standard Class,CV-12805,Cynthia Voltz,Corporate,United States,Austin,Texas,78745,Central,OFF-ST-10001490,Office Supplies,Storage,"Hot File 7-Pocket, Floor Stand",856.66,6,0.2,107.08,May,2025,25-May,12.50%,Profitable,High
4774,US-2025-133816,5/10/2025,5/13/2025,Second Class,CS-12400,Christopher Schild,Home Office,United States,Philadelphia,Pennsylvania,19134,East,TEC-PH-10001795,Technology,Phones,ClearOne CHATAttach 160 - speaker phone,743.99,2,0.4,-124,May,2025,25-May,-16.70%,Loss,High
4782,US-2025-100510,5/12/2025,5/17/2025,Standard Class,HM-14860,Harry Marie,Corporate,United States,New York City,New York,10024,East,TEC-PH-10001835,Technology,Phones,Jawbone JAMBOX Wireless Bluetooth Speaker,631.96,4,0,303.34,May,2025,25-May,48.00%,Profitable,High
4795,US-2025-146570,5/15/2025,5/20/2025,Standard Class,SN-20710,Steve Nguyen,Home Office,United States,Jackson,Mississippi,39212,South,OFF-BI-10001718,Office Supplies,Binders,GBC DocuBind P50 Personal Binding Machine,511.84,8,0,240.56,May,2025,25-May,47.00%,Profitable,High
4801,US-2025-122133,5/16/2025,5/23/2025,Standard Class,JR-15670,Jim Radford,Consumer,United States,Middletown,Connecticut,6457,East,OFF-ST-10002574,Office Supplies,Storage,"SAFCO Commercial Wire Shelving, Black",552.56,4,0,0,May,2025,25-May,0.00%,Loss,High
4813,US-2025-157245,5/19/2025,5/24/2025,Standard Class,LE-16810,Laurel Elliston,Consumer,United States,Arlington,Virginia,22204,South,FUR-CH-10003746,Furniture,Chairs,Hon 4070 Series Pagoda Round Back Stacking Chairs,641.96,2,0,179.75,May,2025,25-May,28.00%,Profitable,High
4822,US-2025-115917,5/20/2025,5/25/2025,Standard Class,RB-19465,Rick Bensley,Home Office,United States,Vallejo,California,94591,West,FUR-FU-10000576,Furniture,Furnishings,Luxo Professional Fluorescent Magnifier Lamp with Clamp-Mount Base,1049.2,5,0,272.79,May,2025,25-May,26.00%,Profitable,High
4826,US-2025-105256,5/20/2025,5/20/2025,Same Day,JK-15730,Joe Kamberova,Consumer,United States,Asheville,North Carolina,28806,South,TEC-PH-10001530,Technology,Phones,Cisco Unified IP Phone 7945G VoIP phone,1363.96,5,0.2,85.25,May,2025,25-May,6.30%,Profitable,High
4832,US-2025-107202,5/21/2025,5/28/2025,Standard Class,LC-16930,Linda Cazamias,Corporate,United States,Sparks,Nevada,89431,West,TEC-MA-10000112,Technology,Machines,Panasonic KX MB2061 Multifunction Printer,2396.4,10,0.2,179.73,May,2025,25-May,7.50%,Profitable,High
4835,US-2025-146934,5/22/2025,5/27/2025,Standard Class,AF-10870,Art Ferguson,Consumer,United States,Passaic,New Jersey,7055,East,OFF-AP-10003217,Office Supplies,Appliances,Eureka Sanitaire  Commercial Upright,662.84,4,0,172.34,May,2025,25-May,26.00%,Profitable,High
4846,US-2025-143714,5/23/2025,5/27/2025,Standard Class,CC-12370,Christopher Conant,Consumer,United States,Philadelphia,Pennsylvania,19120,East,TEC-CO-10004722,Technology,Copiers,Canon imageCLASS 2200 Advanced Copier,8399.98,4,0.4,1120,May,2025,25-May,13.30%,Profitable,High
4848,US-2025-133725,5/23/2025,5/28/2025,Standard Class,KL-16645,Ken Lonsdale,Consumer,United States,Chicago,Illinois,60623,Central,TEC-PH-10004165,Technology,Phones,Mitel MiVoice 5330e IP Phone,1979.93,9,0.2,148.49,May,2025,25-May,7.50%,Profitable,High
4854,US-2025-139269,5/25/2025,5/30/2025,Standard Class,JB-16045,Julia Barnett,Home Office,United States,Columbus,Georgia,31907,South,OFF-ST-10000689,Office Supplies,Storage,"Fellowes Strictly Business Drawer File, Letter/Legal Size",1267.65,9,0,152.12,May,2025,25-May,12.00%,Profitable,High
4873,US-2025-122903,5/27/2025,5/29/2025,Second Class,LA-16780,Laura Armstrong,Corporate,United States,Detroit,Michigan,48205,Central,FUR-CH-10002024,Furniture,Chairs,HON 5400 Series Task Chairs for Big and Tall,3504.9,5,0,700.98,May,2025,25-May,20.00%,Profitable,High
4879,US-2025-101791,5/27/2025,5/31/2025,Standard Class,BS-11665,Brian Stugart,Consumer,United States,Chicago,Illinois,60623,Central,OFF-ST-10001496,Office Supplies,Storage,Standard Rollaway File with Lock,1297.37,9,0.2,97.3,May,2025,25-May,7.50%,Profitable,High
4888,US-2025-134803,5/28/2025,6/3/2025,Standard Class,CL-12565,Clay Ludtke,Consumer,United States,Los Angeles,California,90004,West,TEC-MA-10001972,Technology,Machines,Okidata C331dn Printer,558.4,2,0.2,41.88,May,2025,25-May,7.50%,Profitable,High
4894,US-2025-168753,5/29/2025,6/1/2025,Second Class,RL-19615,Rob Lucas,Consumer,United States,Montgomery,Alabama,36116,South,TEC-PH-10000984,Technology,Phones,Panasonic KX-TG9471B,979.95,5,0,274.39,May,2025,25-May,28.00%,Profitable,High
4895,US-2025-105578,5/30/2025,6/4/2025,Standard Class,MY-17380,Maribeth Yedwab,Corporate,United States,Parker,Colorado,80134,West,FUR-CH-10001215,Furniture,Chairs,Global Troy Executive Leather Low-Back Tilter,801.57,2,0.2,50.1,May,2025,25-May,6.30%,Profitable,High
4898,US-2025-113831,5/30/2025,6/3/2025,Standard Class,AH-10690,Anna Häberlin,Corporate,United States,Springfield,Virginia,22153,South,FUR-TA-10002645,Furniture,Tables,Hon Rectangular Conference Tables,2275.5,10,0,386.84,May,2025,25-May,17.00%,Profitable,High
4910,US-2025-152730,5/30/2025,6/4/2025,Standard Class,EM-14140,Eugene Moren,Home Office,United States,Superior,Wisconsin,54880,Central,OFF-PA-10000994,Office Supplies,Paper,Xerox 1915,629.1,6,0,301.97,May,2025,25-May,48.00%,Profitable,High
4916,US-2025-113831,5/30/2025,6/3/2025,Standard Class,AH-10690,Anna Häberlin,Corporate,United States,Springfield,Virginia,22153,South,TEC-AC-10003033,Technology,Accessories,Plantronics CS510 - Over-the-Head monaural Wireless Headset System,1979.7,6,0,653.3,May,2025,25-May,33.00%,Profitable,High
4917,US-2025-153682,5/30/2025,6/1/2025,First Class,BG-11695,Brooke Gillingham,Corporate,United States,Cincinnati,Ohio,45231,East,TEC-CO-10001046,Technology,Copiers,Canon Imageclass D680 Copier / Fax,839.99,2,0.4,70,May,2025,25-May,8.30%,Profitable,High
4941,US-2025-165848,6/4/2025,6/4/2025,Same Day,EN-13780,Edward Nazzal,Consumer,United States,New York City,New York,10035,East,TEC-MA-10003356,Technology,Machines,Panasonic KX MC6040 Color Laser Multifunction Printer,1349.85,3,0,364.46,Jun,2025,25-Jun,27.00%,Profitable,High
4960,US-2025-127369,6/6/2025,6/7/2025,First Class,DB-13060,Dave Brooks,Consumer,United States,Lowell,Massachusetts,1852,East,OFF-ST-10003306,Office Supplies,Storage,Letter Size Cart,714.3,5,0,207.15,Jun,2025,25-Jun,29.00%,Profitable,High
4966,US-2025-160717,6/6/2025,6/11/2025,Standard Class,ME-17320,Maria Etezadi,Home Office,United States,Santa Barbara,California,93101,West,TEC-PH-10001459,Technology,Phones,Samsung Galaxy Mega 6.3,3023.93,9,0.2,226.79,Jun,2025,25-Jun,7.50%,Profitable,High
4973,US-2025-154662,6/9/2025,6/16/2025,Standard Class,BF-11215,Benjamin Farhat,Home Office,United States,Minneapolis,Minnesota,55407,Central,FUR-TA-10001771,Furniture,Tables,"Bush Cubix Conference Tables, Fully Assembled",692.94,3,0,173.24,Jun,2025,25-Jun,25.00%,Profitable,High
4974,US-2025-147368,6/9/2025,6/12/2025,First Class,TC-21295,Toby Carlisle,Consumer,United States,Tallahassee,Florida,32303,South,TEC-MA-10002178,Technology,Machines,Cisco CP-7937G Unified IP Conference Station Phone,695.7,2,0.5,-27.83,Jun,2025,25-Jun,-4.00%,Loss,High
4976,US-2025-113243,6/10/2025,6/15/2025,Standard Class,OT-18730,Olvera Toch,Consumer,United States,Los Angeles,California,90045,West,FUR-TA-10004256,Furniture,Tables,Bretford “Just In Time” Height-Adjustable Multi-Task Work Tables,1335.68,4,0.2,-217.05,Jun,2025,25-Jun,-16.30%,Loss,High
4981,US-2025-118745,6/11/2025,6/16/2025,Standard Class,SV-20365,Seth Vernon,Consumer,United States,Los Angeles,California,90049,West,FUR-TA-10003473,Furniture,Tables,Bretford Rectangular Conference Table Tops,902.71,3,0.2,33.85,Jun,2025,25-Jun,3.80%,Profitable,High
5008,US-2025-147375,6/12/2025,6/14/2025,Second Class,PO-19180,Philisse Overcash,Home Office,United States,Chicago,Illinois,60623,Central,TEC-MA-10002937,Technology,Machines,"Canon Color ImageCLASS MF8580Cdw Wireless Laser All-In-One Printer, Copier, Scanner",1007.98,3,0.3,43.2,Jun,2025,25-Jun,4.30%,Profitable,High
5017,US-2025-108497,6/14/2025,6/14/2025,Same Day,MH-17290,Marc Harrigan,Home Office,United States,Los Angeles,California,90036,West,FUR-BO-10004218,Furniture,Bookcases,"Bush Heritage Pine Collection 5-Shelf Bookcase, Albany Pine Finish, *Special Order",599.17,5,0.15,35.25,Jun,2025,25-Jun,5.90%,Profitable,High
5019,US-2025-128223,6/14/2025,6/14/2025,Same Day,EB-13705,Ed Braxton,Corporate,United States,Anaheim,California,92804,West,FUR-TA-10001771,Furniture,Tables,"Bush Cubix Conference Tables, Fully Assembled",1293.49,7,0.2,80.84,Jun,2025,25-Jun,6.30%,Profitable,High
5021,US-2025-132304,6/14/2025,6/18/2025,Standard Class,AR-10825,Anthony Rawles,Corporate,United States,Seattle,Washington,98103,West,FUR-TA-10004619,Furniture,Tables,Hon Non-Folding Utility Tables,1115.17,7,0,334.55,Jun,2025,25-Jun,30.00%,Profitable,High
5048,US-2025-133613,6/17/2025,6/22/2025,Standard Class,CP-12340,Christine Phan,Corporate,United States,Waterbury,Connecticut,6708,East,TEC-PH-10004539,Technology,Phones,Wireless Extenders zBoost YX545 SOHO Signal Booster,566.97,3,0,153.08,Jun,2025,25-Jun,27.00%,Profitable,High
5085,US-2025-142685,6/23/2025,6/30/2025,Standard Class,MG-17695,Maureen Gnade,Consumer,United States,Buffalo,New York,14215,East,OFF-SU-10000157,Office Supplies,Supplies,Compact Automatic Electric Letter Opener,835.17,7,0,16.7,Jun,2025,25-Jun,2.00%,Profitable,High
5086,US-2025-140382,6/23/2025,6/25/2025,Second Class,RD-19900,Ruben Dartt,Consumer,United States,San Francisco,California,94109,West,TEC-PH-10003012,Technology,Phones,Nortel Meridian M3904 Professional Digital phone,862.34,7,0.2,97.01,Jun,2025,25-Jun,11.30%,Profitable,High
5090,US-2025-100300,6/24/2025,6/26/2025,Second Class,MJ-17740,Max Jones,Consumer,United States,San Diego,California,92037,West,TEC-MA-10000984,Technology,Machines,Okidata MB760 Printer,4476.8,4,0.2,503.64,Jun,2025,25-Jun,11.30%,Profitable,High
5108,US-2025-100790,6/26/2025,7/2/2025,Standard Class,JG-15805,John Grady,Corporate,United States,New York City,New York,10024,East,OFF-ST-10000689,Office Supplies,Storage,"Fellowes Strictly Business Drawer File, Letter/Legal Size",704.25,5,0,84.51,Jun,2025,25-Jun,12.00%,Profitable,High
5115,US-2025-153577,6/27/2025,7/1/2025,Standard Class,KH-16330,Katharine Harms,Corporate,United States,Highland Park,Illinois,60035,Central,FUR-CH-10003981,Furniture,Chairs,Global Commerce Series Low-Back Swivel/Tilt Chairs,539.66,3,0.3,-7.71,Jun,2025,25-Jun,-1.40%,Loss,High
5128,US-2025-162355,6/30/2025,7/2/2025,Second Class,PF-19165,Philip Fox,Consumer,United States,Sandy Springs,Georgia,30328,South,FUR-BO-10004695,Furniture,Bookcases,O'Sullivan 2-Door Barrister Bookcase in Odessa Pine,1266.86,7,0,291.38,Jun,2025,25-Jun,23.00%,Profitable,High
5138,US-2025-139997,7/1/2025,7/3/2025,First Class,EM-14140,Eugene Moren,Home Office,United States,Lehi,Utah,84043,West,TEC-CO-10000971,Technology,Copiers,Hewlett Packard 310 Color Digital Copier,1499.95,5,0,449.99,Jul,2025,25-Jul,30.00%,Profitable,High
5139,US-2025-102813,7/2/2025,7/3/2025,First Class,EA-14035,Erin Ashbrook,Corporate,United States,Huntsville,Texas,77340,Central,FUR-CH-10000665,Furniture,Chairs,"Global Airflow Leather Mesh Back Chair, Black",528.43,5,0.3,0,Jul,2025,25-Jul,0.00%,Loss,High
5143,US-2025-168543,7/3/2025,7/7/2025,Standard Class,DK-13225,Dean Katz,Corporate,United States,New York City,New York,10035,East,OFF-AP-10000938,Office Supplies,Appliances,Avanti 1.7 Cu. Ft. Refrigerator,706.86,7,0,197.92,Jul,2025,25-Jul,28.00%,Profitable,High
5147,US-2025-147137,7/4/2025,7/6/2025,First Class,AA-10645,Anna Andreadi,Consumer,United States,San Francisco,California,94109,West,FUR-BO-10001811,Furniture,Bookcases,"Atlantic Metals Mobile 5-Shelf Bookcases, Custom Colors",1279.17,5,0.15,225.74,Jul,2025,25-Jul,17.60%,Profitable,High
5167,US-2025-135265,7/7/2025,7/9/2025,Second Class,CC-12370,Christopher Conant,Consumer,United States,Los Angeles,California,90045,West,TEC-CO-10003763,Technology,Copiers,Canon PC1060 Personal Laser Copier,2799.96,5,0.2,944.99,Jul,2025,25-Jul,33.80%,Profitable,High
5169,US-2025-112109,7/8/2025,7/12/2025,Standard Class,JE-15715,Joe Elijah,Consumer,United States,Broomfield,Colorado,80020,West,FUR-CH-10004287,Furniture,Chairs,SAFCO Arco Folding Chair,662.88,3,0.2,74.57,Jul,2025,25-Jul,11.30%,Profitable,High
5178,US-2025-152471,7/8/2025,7/8/2025,Same Day,ZD-21925,Zuschuss Donatelli,Consumer,United States,Jacksonville,Florida,32216,South,TEC-PH-10002824,Technology,Phones,Jabra SPEAK 410 Multidevice Speakerphone,823.96,5,0.2,51.5,Jul,2025,25-Jul,6.30%,Profitable,High
5179,US-2025-156685,7/8/2025,7/10/2025,Second Class,SC-20230,Scot Coram,Corporate,United States,Arlington,Texas,76017,Central,TEC-PH-10004345,Technology,Phones,Cisco SPA 502G IP Phone,863.64,9,0.2,107.96,Jul,2025,25-Jul,12.50%,Profitable,High
5181,CA-2025-112109,7/8/2025,7/12/2025,Standard Class,JE-15715,Joe Elijah,Consumer,Canada,Winnipeg,Manitoba,R0H,Central,OFF-BI-10001634,Office Supplies,Binders,Wilson Jones Active Use Binders,863.64,9,0.2,107.96,Jul,2025,25-Jul,12.50%,Profitable,High
5192,US-2025-137050,7/14/2025,7/18/2025,Second Class,SW-20755,Steven Ward,Corporate,United States,New York City,New York,10009,East,FUR-BO-10004695,Furniture,Bookcases,O'Sullivan 2-Door Barrister Bookcase in Odessa Pine,579.14,4,0.2,21.72,Jul,2025,25-Jul,3.70%,Profitable,High
5241,US-2025-131835,7/17/2025,7/21/2025,Standard Class,MC-17590,Matt Collister,Corporate,United States,Perth Amboy,New Jersey,8861,East,TEC-PH-10001760,Technology,Phones,Bose SoundLink Bluetooth Speaker,597,3,0,280.59,Jul,2025,25-Jul,47.00%,Profitable,High
5243,US-2025-114727,7/18/2025,7/24/2025,Standard Class,LS-16945,Linda Southworth,Corporate,United States,Denver,Colorado,80219,West,FUR-CH-10002331,Furniture,Chairs,Hon 4700 Series Mobuis Mid-Back Task Chairs with Adjustable Arms,854.35,3,0.2,10.68,Jul,2025,25-Jul,1.20%,Profitable,High
5244,US-2025-114727,7/18/2025,7/24/2025,Standard Class,LS-16945,Linda Southworth,Corporate,United States,Denver,Colorado,80219,West,FUR-CH-10002335,Furniture,Chairs,Hon GuestStacker Chair,544.01,3,0.2,40.8,Jul,2025,25-Jul,7.50%,Profitable,High
5250,US-2025-114727,7/18/2025,7/24/2025,Standard Class,LS-16945,Linda Southworth,Corporate,United States,Denver,Colorado,80219,West,OFF-ST-10002292,Office Supplies,Storage,"Sauder Facets Collection Locker/File Cabinet, Sky Alder Finish",593.57,2,0.2,0,Jul,2025,25-Jul,0.00%,Loss,High
5254,US-2025-163776,7/19/2025,7/25/2025,Standard Class,JS-16030,Joy Smith,Consumer,United States,Hattiesburg,Mississippi,39401,South,FUR-BO-10003546,Furniture,Bookcases,Hon 4-Shelf Metal Bookcases,504.9,5,0,126.23,Jul,2025,25-Jul,25.00%,Profitable,High
5281,US-2025-111290,7/22/2025,7/26/2025,Standard Class,DK-13375,Dennis Kane,Consumer,United States,Westland,Michigan,48185,Central,OFF-ST-10001932,Office Supplies,Storage,Fellowes Staxonsteel Drawer Files,965.85,5,0,135.22,Jul,2025,25-Jul,14.00%,Profitable,High
5301,US-2025-104157,7/25/2025,7/29/2025,Standard Class,MT-17815,Meg Tillman,Consumer,United States,Jackson,Mississippi,39212,South,FUR-TA-10004915,Furniture,Tables,"Office Impressions End Table, 20-1/2""H x 24""W x 20""D",2430.08,8,0,388.81,Jul,2025,25-Jul,16.00%,Profitable,High
5313,US-2025-147417,7/25/2025,7/27/2025,First Class,CB-12415,Christy Brittain,Consumer,United States,Columbus,Ohio,43229,East,TEC-CO-10001449,Technology,Copiers,Hewlett Packard LaserJet 3310 Copier,1439.98,4,0.4,192,Jul,2025,25-Jul,13.30%,Profitable,High
5319,US-2025-107783,7/28/2025,7/29/2025,First Class,OT-18730,Olvera Toch,Consumer,United States,Bethlehem,Pennsylvania,18018,East,OFF-BI-10000545,Office Supplies,Binders,GBC Ibimaster 500 Manual ProClick Binding System,1369.76,6,0.7,-913.18,Jul,2025,25-Jul,-66.70%,Loss,High
5326,US-2025-164574,7/29/2025,8/3/2025,Standard Class,RH-19555,Ritsa Hightower,Consumer,United States,Charlotte,North Carolina,28205,South,OFF-ST-10003816,Office Supplies,Storage,Fellowes High-Stak Drawer Files,704.76,5,0.2,26.43,Jul,2025,25-Jul,3.70%,Profitable,High
5327,US-2025-112585,7/30/2025,8/2/2025,First Class,RW-19630,Rob Williams,Corporate,United States,San Francisco,California,94122,West,OFF-AP-10003849,Office Supplies,Appliances,Hoover Shoulder Vac Commercial Portable Vacuum,715.64,2,0,178.91,Jul,2025,25-Jul,25.00%,Profitable,High
5330,US-2025-137743,7/30/2025,8/4/2025,Standard Class,KH-16360,Katherine Hughes,Consumer,United States,Chicago,Illinois,60623,Central,OFF-ST-10001780,Office Supplies,Storage,Tennsco 16-Compartment Lockers with Coat Rack,1036.62,2,0.2,51.83,Jul,2025,25-Jul,5.00%,Profitable,High
5332,US-2025-144148,7/31/2025,8/5/2025,Standard Class,AH-10690,Anna Häberlin,Corporate,United States,San Francisco,California,94122,West,FUR-TA-10002774,Furniture,Tables,Laminate Occasional Tables,863.13,7,0.2,-32.37,Jul,2025,25-Jul,-3.80%,Loss,High
5335,US-2025-133550,7/31/2025,8/6/2025,Standard Class,KL-16645,Ken Lonsdale,Consumer,United States,Detroit,Michigan,48205,Central,TEC-PH-10004042,Technology,Phones,ClearOne Communications CHAT 70 OC Speaker Phone,635.96,4,0,165.35,Jul,2025,25-Jul,26.00%,Profitable,High
5339,US-2025-155978,8/1/2025,8/1/2025,Same Day,TS-21205,Thomas Seio,Corporate,United States,Riverside,California,92503,West,TEC-PH-10002885,Technology,Phones,Apple iPhone 5,1039.73,2,0.2,90.98,Aug,2025,25-Aug,8.80%,Profitable,High
5358,US-2025-107328,8/8/2025,8/15/2025,Standard Class,CA-12055,Cathy Armstrong,Home Office,United States,Los Angeles,California,90036,West,FUR-TA-10001932,Furniture,Tables,"Chromcraft 48"" x 96"" Racetrack Double Pedestal Table",513.02,2,0.2,12.83,Aug,2025,25-Aug,2.50%,Profitable,High
5368,US-2025-113649,8/9/2025,8/12/2025,First Class,HA-14920,Helen Andreada,Consumer,United States,Fayetteville,North Carolina,28314,South,OFF-AP-10002518,Office Supplies,Appliances,Kensington 7 Outlet MasterPiece Power Center,569.54,4,0.2,64.07,Aug,2025,25-Aug,11.30%,Profitable,High
5378,US-2025-118073,8/12/2025,8/16/2025,Standard Class,CS-12490,Cindy Schnelling,Corporate,United States,Lakeland,Florida,33801,South,FUR-TA-10002533,Furniture,Tables,BPI Conference Tables,562.29,7,0.45,-255.59,Aug,2025,25-Aug,-45.50%,Loss,High
5381,US-2025-105459,8/12/2025,8/17/2025,Second Class,NP-18700,Nora Preis,Consumer,United States,New York City,New York,10024,East,OFF-ST-10000078,Office Supplies,Storage,Tennsco 6- and 18-Compartment Lockers,1591.02,6,0,286.38,Aug,2025,25-Aug,18.00%,Profitable,High
5382,US-2025-155845,8/12/2025,8/15/2025,Second Class,CM-12235,Chris McAfee,Consumer,United States,Carrollton,Texas,75007,Central,TEC-AC-10004145,Technology,Accessories,Logitech diNovo Edge Keyboard,1399.94,7,0.2,52.5,Aug,2025,25-Aug,3.80%,Profitable,High
5406,US-2025-118626,8/15/2025,8/20/2025,Standard Class,JC-15775,John Castell,Consumer,United States,Tallahassee,Florida,32303,South,TEC-PH-10000369,Technology,Phones,HTC One Mini,705.54,7,0.2,70.55,Aug,2025,25-Aug,10.00%,Profitable,High
5423,US-2025-122581,8/21/2025,8/25/2025,Standard Class,JK-15370,Jay Kimmel,Consumer,United States,New York City,New York,10035,East,FUR-CH-10002961,Furniture,Chairs,"Leather Task Chair, Black",573.17,7,0.1,63.69,Aug,2025,25-Aug,11.10%,Profitable,High
5424,US-2025-146066,8/21/2025,8/23/2025,Second Class,RB-19465,Rick Bensley,Home Office,United States,Philadelphia,Pennsylvania,19143,East,FUR-TA-10002530,Furniture,Tables,"Iceberg OfficeWorks 42"" Round Tables",815.29,9,0.4,-339.71,Aug,2025,25-Aug,-41.70%,Loss,High
5425,US-2025-126452,8/21/2025,8/28/2025,Standard Class,SC-20230,Scot Coram,Corporate,United States,Los Angeles,California,90004,West,FUR-TA-10003569,Furniture,Tables,Bretford CR8500 Series Meeting Room Furniture,2887.06,9,0.2,180.44,Aug,2025,25-Aug,6.30%,Profitable,High
5443,US-2025-150350,8/23/2025,8/30/2025,Standard Class,MS-17770,Maxwell Schwartz,Consumer,United States,Seattle,Washington,98105,West,FUR-CH-10001973,Furniture,Chairs,Office Star Flex Back Scooter Chair with White Frame,532.7,6,0.2,-39.95,Aug,2025,25-Aug,-7.50%,Loss,High
5446,US-2025-158001,8/23/2025,8/27/2025,Standard Class,JP-15460,Jennifer Patt,Corporate,United States,New York City,New York,10035,East,OFF-AP-10002118,Office Supplies,Appliances,"1.7 Cubic Foot Compact ""Cube"" Office Refrigerators",1040.8,5,0,281.02,Aug,2025,25-Aug,27.00%,Profitable,High
5454,US-2025-160528,8/23/2025,8/30/2025,Standard Class,MH-18115,Mick Hernandez,Home Office,United States,Pharr,Texas,78577,Central,OFF-ST-10002743,Office Supplies,Storage,SAFCO Boltless Steel Shelving,727.3,8,0.2,-172.73,Aug,2025,25-Aug,-23.80%,Loss,High
5456,US-2025-160528,8/23/2025,8/30/2025,Standard Class,MH-18115,Mick Hernandez,Home Office,United States,Pharr,Texas,78577,Central,TEC-AC-10002842,Technology,Accessories,WD My Passport Ultra 2TB Portable External Hard Drive,666.4,7,0.2,-33.32,Aug,2025,25-Aug,-5.00%,Loss,High
5458,US-2025-150350,8/23/2025,8/30/2025,Standard Class,MS-17770,Maxwell Schwartz,Consumer,United States,Seattle,Washington,98105,West,TEC-MA-10001972,Technology,Machines,Okidata C331dn Printer,837.6,3,0.2,62.82,Aug,2025,25-Aug,7.50%,Profitable,High
5459,US-2025-128594,8/26/2025,8/29/2025,First Class,DJ-13510,Don Jones,Corporate,United States,San Diego,California,92037,West,FUR-CH-10001215,Furniture,Chairs,Global Troy Executive Leather Low-Back Tilter,1603.14,4,0.2,100.2,Aug,2025,25-Aug,6.30%,Profitable,High
5460,US-2025-152289,8/26/2025,8/28/2025,First Class,LC-16930,Linda Cazamias,Corporate,United States,Pasadena,Texas,77506,Central,FUR-CH-10002126,Furniture,Chairs,Hon Deluxe Fabric Upholstered Stacking Chairs,1024.72,6,0.3,-29.28,Aug,2025,25-Aug,-2.90%,Loss,High
5507,US-2025-141544,8/30/2025,9/1/2025,First Class,PO-18850,Patrick O'Brill,Consumer,United States,Philadelphia,Pennsylvania,19143,East,FUR-CH-10003312,Furniture,Chairs,Hon 2090 “Pillow Soft” Series Mid Back Swivel/Tilt Chairs,786.74,4,0.3,-258.5,Aug,2025,25-Aug,-32.90%,Loss,High
5522,US-2025-129714,9/1/2025,9/3/2025,First Class,AB-10060,Adam Bellavance,Home Office,United States,New York City,New York,10009,East,OFF-BI-10004995,Office Supplies,Binders,GBC DocuBind P400 Electric Binding System,4355.17,4,0.2,1415.43,Sep,2025,25-Sep,32.50%,Profitable,High
5539,US-2025-126732,9/2/2025,9/6/2025,Standard Class,LR-16915,Lena Radford,Consumer,United States,Los Angeles,California,90036,West,FUR-TA-10001539,Furniture,Tables,Chromcraft Rectangular Conference Tables,568.73,3,0.2,28.44,Sep,2025,25-Sep,5.00%,Profitable,High
5557,US-2025-106950,9/2/2025,9/6/2025,Standard Class,JE-15715,Joe Elijah,Consumer,United States,Charlotte,North Carolina,28205,South,TEC-AC-10002049,Technology,Accessories,Plantronics Savi W720 Multi-Device Wireless Headset System,1012.68,3,0.2,303.8,Sep,2025,25-Sep,30.00%,Profitable,High
5558,US-2025-166429,9/2/2025,9/8/2025,Standard Class,TG-21310,Toby Gnade,Consumer,United States,Des Moines,Washington,98198,West,TEC-CO-10002095,Technology,Copiers,Hewlett Packard 610 Color Digital Copier / Printer,999.98,2,0,449.99,Sep,2025,25-Sep,45.00%,Profitable,High
5559,US-2025-144764,9/2/2025,9/8/2025,Standard Class,RL-19615,Rob Lucas,Consumer,United States,Chicago,Illinois,60623,Central,TEC-MA-10003230,Technology,Machines,Okidata C610n Printer,1362.9,3,0.3,-19.47,Sep,2025,25-Sep,-1.40%,Loss,High
5560,US-2025-126732,9/2/2025,9/6/2025,Standard Class,LR-16915,Lena Radford,Consumer,United States,Los Angeles,California,90036,West,TEC-PH-10001530,Technology,Phones,Cisco Unified IP Phone 7945G VoIP phone,1091.17,4,0.2,68.2,Sep,2025,25-Sep,6.30%,Profitable,High
5566,US-2025-158099,9/3/2025,9/5/2025,First Class,PK-18910,Paul Knutson,Home Office,United States,Philadelphia,Pennsylvania,19143,East,OFF-BI-10000545,Office Supplies,Binders,GBC Ibimaster 500 Manual ProClick Binding System,1141.47,5,0.7,-760.98,Sep,2025,25-Sep,-66.70%,Loss,High
5587,US-2025-168774,9/4/2025,9/9/2025,Standard Class,RP-19855,Roy Phan,Corporate,United States,Woodbury,Minnesota,55125,Central,OFF-ST-10001490,Office Supplies,Storage,"Hot File 7-Pocket, Floor Stand",535.41,3,0,160.62,Sep,2025,25-Sep,30.00%,Profitable,High
5591,US-2025-129630,9/4/2025,9/4/2025,Same Day,IM-15055,Ionia McGrath,Consumer,United States,San Francisco,California,94122,West,TEC-CO-10003763,Technology,Copiers,Canon PC1060 Personal Laser Copier,2799.96,5,0.2,944.99,Sep,2025,25-Sep,33.80%,Profitable,High
5592,US-2025-158778,9/5/2025,9/9/2025,Standard Class,DB-13210,Dean Braden,Consumer,United States,Philadelphia,Pennsylvania,19134,East,FUR-CH-10000309,Furniture,Chairs,Global Comet Stacking Arm Chair,887.27,3,0.3,-63.38,Sep,2025,25-Sep,-7.10%,Loss,High
5601,US-2025-121013,9/5/2025,9/10/2025,Standard Class,MM-17920,Michael Moore,Consumer,United States,Chesapeake,Virginia,23320,South,FUR-TA-10003238,Furniture,Tables,"Chromcraft Bull-Nose Wood 48"" x 96"" Rectangular Conference Tables",1652.94,3,0,314.06,Sep,2025,25-Sep,19.00%,Profitable,High
5630,US-2025-102981,9/6/2025,9/9/2025,Second Class,MO-17500,Mary O'Rourke,Consumer,United States,New York City,New York,10035,East,FUR-BO-10001811,Furniture,Bookcases,"Atlantic Metals Mobile 5-Shelf Bookcases, Custom Colors",722.35,3,0.2,90.29,Sep,2025,25-Sep,12.50%,Profitable,High
5639,US-2025-108987,9/8/2025,9/10/2025,Second Class,AG-10675,Anna Gayman,Consumer,United States,Houston,Texas,77036,Central,FUR-BO-10004834,Furniture,Bookcases,"Riverside Palais Royal Lawyers Bookcase, Royale Cherry Finish",2396.27,4,0.32,-317.15,Sep,2025,25-Sep,-13.20%,Loss,High
5643,US-2025-115455,9/8/2025,9/14/2025,Standard Class,SE-20110,Sanjit Engle,Consumer,United States,Wheeling,Illinois,60090,Central,FUR-TA-10003569,Furniture,Tables,Bretford CR8500 Series Meeting Room Furniture,601.47,3,0.5,-300.74,Sep,2025,25-Sep,-50.00%,Loss,High
5671,US-2025-146206,9/10/2025,9/14/2025,Second Class,KT-16480,Kean Thornton,Consumer,United States,Houston,Texas,77095,Central,TEC-PH-10000895,Technology,Phones,Polycom VVX 310 VoIP phone,719.96,5,0.2,54,Sep,2025,25-Sep,7.50%,Profitable,High
5672,US-2025-112277,9/10/2025,9/15/2025,Standard Class,SC-20695,Steve Chapman,Corporate,United States,Fort Lauderdale,Florida,33311,South,TEC-PH-10003505,Technology,Phones,Geemarc AmpliPOWER60,519.68,7,0.2,58.46,Sep,2025,25-Sep,11.30%,Profitable,High
5686,US-2025-145625,9/11/2025,9/17/2025,Standard Class,KC-16540,Kelly Collister,Consumer,United States,San Diego,California,92037,West,TEC-AC-10003832,Technology,Accessories,Logitech P710e Mobile Speakerphone,3347.37,13,0,636,Sep,2025,25-Sep,19.00%,Profitable,High
5687,US-2025-102162,9/11/2025,9/16/2025,Standard Class,JF-15565,Jill Fjeld,Consumer,United States,Newport News,Virginia,23602,South,TEC-CO-10001943,Technology,Copiers,Canon PC-428 Personal Copier,1599.92,8,0,751.96,Sep,2025,25-Sep,47.00%,Profitable,High
5689,US-2025-121223,9/11/2025,9/13/2025,Second Class,GD-14590,Giulietta Dortch,Corporate,United States,Philadelphia,Pennsylvania,19143,East,TEC-PH-10004667,Technology,Phones,Cisco 8x8 Inc. 6753i IP Business Phone System,728.95,9,0.4,-157.94,Sep,2025,25-Sep,-21.70%,Loss,High
5690,US-2025-123946,9/12/2025,9/17/2025,Standard Class,AJ-10795,Anthony Johnson,Corporate,United States,Springfield,Virginia,22153,South,FUR-CH-10002073,Furniture,Chairs,Hon Olson Stacker Chairs,1059.12,4,0,307.14,Sep,2025,25-Sep,29.00%,Profitable,High
5705,US-2025-105732,9/13/2025,9/18/2025,Standard Class,AG-10270,Alejandro Grove,Consumer,United States,Omaha,Nebraska,68104,Central,FUR-FU-10003664,Furniture,Furnishings,"Electrix Architect's Clamp-On Swing Arm Lamp, Black",1336.44,14,0,387.57,Sep,2025,25-Sep,29.00%,Profitable,High
5715,US-2025-153178,9/14/2025,9/18/2025,Standard Class,CL-12565,Clay Ludtke,Consumer,United States,Long Beach,New York,11561,East,OFF-BI-10004390,Office Supplies,Binders,GBC DocuBind 200 Manual Binding Machine,673.57,2,0.2,252.59,Sep,2025,25-Sep,37.50%,Profitable,High
5718,US-2025-116911,9/15/2025,9/20/2025,Standard Class,JD-16150,Justin Deggeller,Corporate,United States,Twin Falls,Idaho,83301,West,FUR-TA-10003473,Furniture,Tables,Bretford Rectangular Conference Table Tops,1128.39,3,0,259.53,Sep,2025,25-Sep,23.00%,Profitable,High
5722,US-2025-149797,9/15/2025,9/20/2025,Standard Class,AH-10075,Adam Hart,Corporate,United States,New York City,New York,10011,East,OFF-BI-10003650,Office Supplies,Binders,GBC DocuBind 300 Electric Binding Machine,841.57,2,0.2,294.55,Sep,2025,25-Sep,35.00%,Profitable,High
5743,US-2025-133935,9/18/2025,9/22/2025,Standard Class,JW-15220,Jane Waco,Corporate,United States,San Diego,California,92105,West,FUR-CH-10001215,Furniture,Chairs,Global Troy Executive Leather Low-Back Tilter,801.57,2,0.2,50.1,Sep,2025,25-Sep,6.30%,Profitable,High
5744,US-2025-120355,9/18/2025,9/25/2025,Standard Class,MM-17260,Magdelene Morse,Consumer,United States,New Rochelle,New York,10801,East,FUR-CH-10001394,Furniture,Chairs,Global Leather Executive Chair,631.78,2,0.1,140.4,Sep,2025,25-Sep,22.20%,Profitable,High
5747,US-2025-133935,9/18/2025,9/22/2025,Standard Class,JW-15220,Jane Waco,Corporate,United States,San Diego,California,92105,West,FUR-CH-10002880,Furniture,Chairs,"Global High-Back Leather Tilter, Burgundy",885.53,9,0.2,-99.62,Sep,2025,25-Sep,-11.30%,Loss,High
5756,US-2025-145905,9/18/2025,9/23/2025,Standard Class,AM-10705,Anne McFarland,Consumer,United States,Auburn,Alabama,36830,South,OFF-ST-10003716,Office Supplies,Storage,Tennsco Double-Tier Lockers,900.08,4,0,117.01,Sep,2025,25-Sep,13.00%,Profitable,High
5758,US-2025-156097,9/19/2025,9/19/2025,Same Day,EH-14125,Eugene Hildebrand,Home Office,United States,Aurora,Illinois,60505,Central,FUR-CH-10001215,Furniture,Chairs,Global Troy Executive Leather Low-Back Tilter,701.37,2,0.3,-50.1,Sep,2025,25-Sep,-7.10%,Loss,High
5759,US-2025-168354,9/19/2025,9/21/2025,First Class,RH-19510,Rick Huthwaite,Home Office,United States,Providence,Rhode Island,2908,East,FUR-CH-10004675,Furniture,Chairs,"Lifetime Advantage Folding Chairs, 4/Carton",872.32,4,0,244.25,Sep,2025,25-Sep,28.00%,Profitable,High
5769,US-2025-168354,9/19/2025,9/21/2025,First Class,RH-19510,Rick Huthwaite,Home Office,United States,Providence,Rhode Island,2908,East,OFF-ST-10001490,Office Supplies,Storage,"Hot File 7-Pocket, Floor Stand",1606.23,9,0,481.87,Sep,2025,25-Sep,30.00%,Profitable,High
5802,US-2025-129469,9/23/2025,9/27/2025,Standard Class,KL-16555,Kelly Lampkin,Corporate,United States,Fairfield,Ohio,45014,East,FUR-FU-10002298,Furniture,Furnishings,"Rubbermaid ClusterMat Chairmats, Mat Size- 66"" x 60"", Lip 20"" x 11"" -90 Degree Angle",532.7,6,0.2,-26.64,Sep,2025,25-Sep,-5.00%,Loss,High
5813,US-2025-100944,9/24/2025,9/28/2025,Standard Class,EH-13765,Edward Hooks,Corporate,United States,Los Angeles,California,90049,West,FUR-CH-10000988,Furniture,Chairs,Hon Olson Stacker Stools,563.24,5,0.2,56.32,Sep,2025,25-Sep,10.00%,Profitable,High
5824,US-2025-108875,9/24/2025,10/1/2025,Standard Class,CL-12700,Craig Leslie,Home Office,United States,Aurora,Colorado,80013,West,OFF-ST-10001370,Office Supplies,Storage,Sensible Storage WireTech Storage Systems,511.06,9,0.2,-95.82,Sep,2025,25-Sep,-18.80%,Loss,High
5842,US-2025-124163,9/25/2025,9/30/2025,Standard Class,SC-20695,Steve Chapman,Corporate,United States,La Crosse,Wisconsin,54601,Central,TEC-AC-10001908,Technology,Accessories,Logitech Wireless Headset h800,499.95,5,0,174.98,Sep,2025,25-Sep,35.00%,Profitable,Medium
5847,US-2025-157945,9/26/2025,10/1/2025,Standard Class,NF-18385,Natalie Fritzler,Consumer,United States,Decatur,Illinois,62521,Central,FUR-CH-10002331,Furniture,Chairs,Hon 4700 Series Mobuis Mid-Back Task Chairs with Adjustable Arms,747.56,3,0.3,-96.11,Sep,2025,25-Sep,-12.90%,Loss,High
5863,US-2025-110170,9/27/2025,10/3/2025,Standard Class,HM-14860,Harry Marie,Corporate,United States,Huntsville,Texas,77340,Central,FUR-BO-10000780,Furniture,Bookcases,O'Sullivan Plantations 2-Door Library in Landvery Oak,956.66,7,0.32,-225.1,Sep,2025,25-Sep,-23.50%,Loss,High
5867,US-2025-140249,9/27/2025,10/3/2025,Standard Class,SW-20455,Shaun Weien,Consumer,United States,Seattle,Washington,98103,West,TEC-PH-10002584,Technology,Phones,Samsung Galaxy S4,1001.58,2,0.2,125.2,Sep,2025,25-Sep,12.50%,Profitable,High
5878,US-2025-108056,9/29/2025,10/3/2025,Standard Class,ES-14080,Erin Smith,Corporate,United States,Springfield,Oregon,97477,West,TEC-PH-10001817,Technology,Phones,Wilson Electronics DB Pro Signal Booster,859.2,3,0.2,75.18,Sep,2025,25-Sep,8.80%,Profitable,High
5879,US-2025-106243,9/30/2025,10/4/2025,Standard Class,GM-14680,Greg Matthias,Consumer,United States,New York City,New York,10011,East,FUR-BO-10003034,Furniture,Bookcases,"O'Sullivan Elevations Bookcase, Cherry Finish",523.92,5,0.2,-26.2,Sep,2025,25-Sep,-5.00%,Loss,High
5893,US-2025-118689,10/2/2025,10/9/2025,Standard Class,TC-20980,Tamara Chand,Corporate,United States,Lafayette,Indiana,47905,Central,OFF-BI-10004600,Office Supplies,Binders,Ibico Ibimaster 300 Manual Binding System,735.98,2,0,331.19,Oct,2025,25-Oct,45.00%,Profitable,High
5895,US-2025-118689,10/2/2025,10/9/2025,Standard Class,TC-20980,Tamara Chand,Corporate,United States,Lafayette,Indiana,47905,Central,TEC-CO-10004722,Technology,Copiers,Canon imageCLASS 2200 Advanced Copier,17499.95,5,0,8399.98,Oct,2025,25-Oct,48.00%,Profitable,High
5896,US-2025-144939,10/3/2025,10/8/2025,Standard Class,EB-13870,Emily Burns,Consumer,United States,New York City,New York,10035,East,FUR-CH-10003199,Furniture,Chairs,Office Star - Contemporary Task Swivel Chair,599.29,6,0.1,93.22,Oct,2025,25-Oct,15.60%,Profitable,High
5897,US-2025-101672,10/3/2025,10/7/2025,Standard Class,DB-12910,Daniel Byrd,Home Office,United States,Lake Forest,California,92630,West,FUR-CH-10004063,Furniture,Chairs,Global Deluxe High-Back Manager's Chair,915.14,4,0.2,102.95,Oct,2025,25-Oct,11.30%,Profitable,High
5908,US-2025-140158,10/4/2025,10/8/2025,Standard Class,DR-12940,Daniel Raglin,Home Office,United States,Providence,Rhode Island,2908,East,TEC-CO-10001449,Technology,Copiers,Hewlett Packard LaserJet 3310 Copier,5399.91,9,0,2591.96,Oct,2025,25-Oct,48.00%,Profitable,High
5914,US-2025-157490,10/6/2025,10/7/2025,First Class,LB-16795,Laurel Beltran,Home Office,United States,Pueblo,Colorado,81001,West,TEC-MA-10001695,Technology,Machines,Zebra GK420t Direct Thermal/Thermal Transfer Printer,703.71,6,0.7,-938.28,Oct,2025,25-Oct,-133.30%,Loss,High
5919,US-2025-127649,10/7/2025,10/9/2025,First Class,DL-13495,Dionis Lloyd,Corporate,United States,Spokane,Washington,99207,West,TEC-MA-10001972,Technology,Machines,Okidata C331dn Printer,837.6,3,0.2,62.82,Oct,2025,25-Oct,7.50%,Profitable,High
5944,US-2025-100839,10/13/2025,10/17/2025,Standard Class,NC-18625,Noah Childs,Corporate,United States,Aurora,Colorado,80013,West,FUR-TA-10004575,Furniture,Tables,Hon 5100 Series Wood Tables,727.45,5,0.5,-465.57,Oct,2025,25-Oct,-64.00%,Loss,High
5967,US-2025-125220,10/14/2025,10/19/2025,Standard Class,BE-11410,Bobby Elias,Consumer,United States,Appleton,Wisconsin,54915,Central,TEC-AC-10003033,Technology,Accessories,Plantronics CS510 - Over-the-Head monaural Wireless Headset System,1649.75,5,0,544.42,Oct,2025,25-Oct,33.00%,Profitable,High
5968,US-2025-113607,10/14/2025,10/18/2025,Standard Class,PW-19030,Pauline Webber,Corporate,United States,New York City,New York,10009,East,TEC-PH-10004094,Technology,Phones,Motorola L703CM,1091.93,7,0,272.98,Oct,2025,25-Oct,25.00%,Profitable,High
5970,US-2025-124352,10/15/2025,10/21/2025,Standard Class,CD-12790,Cynthia Delaney,Home Office,United States,Oklahoma City,Oklahoma,73120,Central,OFF-AP-10002651,Office Supplies,Appliances,Hoover Upright Vacuum With Dirt Cup,868.59,3,0,251.89,Oct,2025,25-Oct,29.00%,Profitable,High
5985,US-2025-147256,10/17/2025,10/21/2025,Second Class,FC-14245,Frank Carlisle,Home Office,United States,Columbia,Missouri,65203,Central,OFF-AP-10003057,Office Supplies,Appliances,Honeywell Enviracaire Portable HEPA Air Cleaner for 16' x 20' Room,1927.59,7,0,751.76,Oct,2025,25-Oct,39.00%,Profitable,High
6001,US-2025-155516,10/21/2025,10/21/2025,Same Day,MK-17905,Michael Kennedy,Corporate,United States,Manchester,Connecticut,6040,East,FUR-BO-10002545,Furniture,Bookcases,"Atlantic Metals Mobile 3-Shelf Bookcases, Custom Colors",1043.92,4,0,271.42,Oct,2025,25-Oct,26.00%,Profitable,High
6005,US-2025-125080,10/21/2025,10/26/2025,Standard Class,VW-21775,Victoria Wilson,Corporate,United States,Lakewood,Ohio,44107,East,FUR-TA-10003238,Furniture,Tables,"Chromcraft Bull-Nose Wood 48"" x 96"" Rectangular Conference Tables",661.18,2,0.4,-231.41,Oct,2025,25-Oct,-35.00%,Loss,High
6008,US-2025-138478,10/21/2025,10/26/2025,Second Class,DP-13390,Dennis Pardue,Home Office,United States,North Las Vegas,Nevada,89031,West,OFF-BI-10001120,Office Supplies,Binders,Ibico EPK-21 Electric Binding System,4535.98,3,0.2,1644.29,Oct,2025,25-Oct,36.30%,Profitable,High
6037,US-2025-153318,10/25/2025,10/28/2025,First Class,JS-15595,Jill Stevenson,Corporate,United States,Miami,Florida,33180,South,TEC-PH-10000984,Technology,Phones,Panasonic KX-TG9471B,783.96,5,0.2,78.4,Oct,2025,25-Oct,10.00%,Profitable,High
6051,US-2025-120369,10/28/2025,10/28/2025,Same Day,VB-21745,Victoria Brennan,Corporate,United States,Rochester,New York,14609,East,FUR-FU-10003806,Furniture,Furnishings,"Tenex Chairmat w/ Average Lip, 45"" x 53""",756.8,5,0,75.68,Oct,2025,25-Oct,10.00%,Profitable,High
6062,US-2025-142545,10/28/2025,11/3/2025,Standard Class,JD-15895,Jonathan Doherty,Corporate,United States,Belleville,New Jersey,7109,East,OFF-ST-10002756,Office Supplies,Storage,"Tennsco Stur-D-Stor Boltless Shelving, 5 Shelves, 24"" Deep, Sand",1082.48,8,0,10.82,Oct,2025,25-Oct,1.00%,Profitable,High
6073,US-2025-146913,10/31/2025,11/5/2025,Standard Class,SF-20965,Sylvia Foulston,Corporate,United States,San Francisco,California,94109,West,FUR-CH-10001854,Furniture,Chairs,Office Star - Professional Matrix Back Chair with 2-to-1 Synchro Tilt and Mesh Fabric Seat,1403.92,5,0.2,70.2,Oct,2025,25-Oct,5.00%,Profitable,High
6078,US-2025-144218,10/31/2025,11/4/2025,Standard Class,JD-15895,Jonathan Doherty,Corporate,United States,Los Angeles,California,90045,West,OFF-ST-10002615,Office Supplies,Storage,"Dual Level, Single-Width Filing Carts",1085.42,7,0,282.21,Oct,2025,25-Oct,26.00%,Profitable,High
6087,US-2025-168893,11/3/2025,11/8/2025,Second Class,AP-10915,Arthur Prichep,Consumer,United States,Henderson,Kentucky,42420,South,FUR-TA-10003392,Furniture,Tables,Global Adaptabilities Conference Tables,842.94,3,0,160.16,Nov,2025,25-Nov,19.00%,Profitable,High
6089,US-2025-114972,11/3/2025,11/6/2025,First Class,PF-19225,Phillip Flathmann,Consumer,United States,Los Angeles,California,90032,West,OFF-AP-10003057,Office Supplies,Appliances,Honeywell Enviracaire Portable HEPA Air Cleaner for 16' x 20' Room,1101.48,4,0,429.58,Nov,2025,25-Nov,39.00%,Profitable,High
6108,US-2025-163328,11/4/2025,11/6/2025,Second Class,TP-21565,Tracy Poddar,Corporate,United States,Eugene,Oregon,97405,West,FUR-CH-10000229,Furniture,Chairs,Global Enterprise Series Seating High-Back Swivel/Tilt Chairs,650.35,3,0.2,-97.55,Nov,2025,25-Nov,-15.00%,Loss,High
6115,US-2025-162236,11/4/2025,11/6/2025,Second Class,ER-13855,Elpida Rittenbach,Corporate,United States,Charlotte,North Carolina,28205,South,FUR-TA-10002533,Furniture,Tables,BPI Conference Tables,876.3,10,0.4,-292.1,Nov,2025,25-Nov,-33.30%,Loss,High
6120,US-2025-163328,11/4/2025,11/6/2025,Second Class,TP-21565,Tracy Poddar,Corporate,United States,Eugene,Oregon,97405,West,OFF-LA-10003930,Office Supplies,Labels,"Dot Matrix Printer Tape Reel Labels, White, 5000/Box",629.18,8,0.2,228.08,Nov,2025,25-Nov,36.30%,Profitable,High
6127,US-2025-158260,11/4/2025,11/8/2025,Standard Class,CC-12475,Cindy Chapman,Consumer,United States,San Diego,California,92037,West,TEC-MA-10003176,Technology,Machines,Okidata B400 Printer,686.4,2,0.2,77.22,Nov,2025,25-Nov,11.30%,Profitable,High
6128,US-2025-131611,11/5/2025,11/9/2025,Standard Class,EP-13915,Emily Phan,Consumer,United States,Houston,Texas,77036,Central,FUR-BO-10000780,Furniture,Bookcases,O'Sullivan Plantations 2-Door Library in Landvery Oak,956.66,7,0.32,-225.1,Nov,2025,25-Nov,-23.50%,Loss,High
6130,US-2025-157280,11/5/2025,11/7/2025,First Class,LW-17125,Liz Willingham,Consumer,United States,Virginia Beach,Virginia,23464,South,FUR-FU-10003806,Furniture,Furnishings,"Tenex Chairmat w/ Average Lip, 45"" x 53""",756.8,5,0,75.68,Nov,2025,25-Nov,10.00%,Profitable,High
6132,US-2025-131611,11/5/2025,11/9/2025,Standard Class,EP-13915,Emily Phan,Consumer,United States,Houston,Texas,77036,Central,FUR-TA-10002774,Furniture,Tables,Laminate Occasional Tables,863.13,8,0.3,-160.3,Nov,2025,25-Nov,-18.60%,Loss,High
6154,US-2025-152247,11/7/2025,11/12/2025,Standard Class,MA-17995,Michelle Arnett,Home Office,United States,Cheyenne,Wyoming,82001,West,FUR-CH-10001215,Furniture,Chairs,Global Troy Executive Leather Low-Back Tilter,1603.14,4,0.2,100.2,Nov,2025,25-Nov,6.30%,Profitable,High
6174,US-2025-152156,11/8/2025,11/11/2025,Second Class,CG-12520,Claire Gute,Consumer,United States,Henderson,Kentucky,42420,South,FUR-CH-10000454,Furniture,Chairs,"Hon Deluxe Fabric Upholstered Stacking Chairs, Rounded Back",731.94,3,0,219.58,Nov,2025,25-Nov,30.00%,Profitable,High
6202,US-2025-158694,11/10/2025,11/13/2025,Second Class,AI-10855,Arianne Irving,Consumer,United States,Los Angeles,California,90036,West,OFF-ST-10001496,Office Supplies,Storage,Standard Rollaway File with Lock,720.76,4,0,187.4,Nov,2025,25-Nov,26.00%,Profitable,High
6210,US-2025-127761,11/10/2025,11/14/2025,Standard Class,SW-20275,Scott Williamson,Consumer,United States,New York City,New York,10009,East,TEC-PH-10003691,Technology,Phones,BlackBerry Q10,881.93,7,0,220.48,Nov,2025,25-Nov,25.00%,Profitable,High
6216,US-2025-164196,11/11/2025,11/17/2025,Standard Class,AS-10285,Alejandro Savely,Corporate,United States,Noblesville,Indiana,46060,Central,FUR-TA-10001950,Furniture,Tables,Balt Solid Wood Round Tables,2678.94,6,0,241.1,Nov,2025,25-Nov,9.00%,Profitable,High
6217,US-2025-131968,11/11/2025,11/15/2025,Standard Class,LB-16795,Laurel Beltran,Home Office,United States,Apopka,Florida,32712,South,OFF-AP-10001058,Office Supplies,Appliances,Sanyo 2.5 Cubic Foot Mid-Size Office Refrigerators,671.54,3,0.2,50.37,Nov,2025,25-Nov,7.50%,Profitable,High
6230,US-2025-124590,11/12/2025,11/16/2025,Standard Class,SP-20920,Susan Pistek,Consumer,United States,Parma,Ohio,44134,East,FUR-CH-10000454,Furniture,Chairs,"Hon Deluxe Fabric Upholstered Stacking Chairs, Rounded Back",1537.07,9,0.3,0,Nov,2025,25-Nov,0.00%,Loss,High
6232,US-2025-124590,11/12/2025,11/16/2025,Standard Class,SP-20920,Susan Pistek,Consumer,United States,Parma,Ohio,44134,East,FUR-CH-10004495,Furniture,Chairs,"Global Leather and Oak Executive Chair, Black",1474.8,7,0.3,-21.07,Nov,2025,25-Nov,-1.40%,Loss,High
6234,US-2025-164399,11/12/2025,11/15/2025,First Class,DW-13480,Dianna Wilson,Home Office,United States,San Diego,California,92024,West,FUR-TA-10003392,Furniture,Tables,Global Adaptabilities Conference Tables,674.35,3,0.2,-8.43,Nov,2025,25-Nov,-1.30%,Loss,High
6258,US-2025-113677,11/13/2025,11/19/2025,Standard Class,CM-12655,Corinna Mitchell,Home Office,United States,New York City,New York,10011,East,TEC-PH-10002114,Technology,Phones,Xiaomi Mi3,2279.96,4,0,592.79,Nov,2025,25-Nov,26.00%,Profitable,High
6271,US-2025-131065,11/14/2025,11/16/2025,Second Class,AA-10375,Allen Armold,Consumer,United States,Atlanta,Georgia,30318,South,TEC-AC-10004145,Technology,Accessories,Logitech diNovo Edge Keyboard,499.98,2,0,115,Nov,2025,25-Nov,23.00%,Profitable,Medium
6272,US-2025-121370,11/14/2025,11/19/2025,Second Class,EB-14110,Eugene Barchas,Consumer,United States,Philadelphia,Pennsylvania,19134,East,TEC-CO-10004115,Technology,Copiers,Sharp AL-1530CS Digital Copier,1199.98,4,0.4,180,Nov,2025,25-Nov,15.00%,Profitable,High
6275,US-2025-130820,11/15/2025,11/15/2025,Same Day,ON-18715,Odella Nelson,Corporate,United States,Burlington,North Carolina,27217,South,FUR-TA-10001768,Furniture,Tables,Hon Racetrack Conference Tables,630.02,4,0.4,-199.51,Nov,2025,25-Nov,-31.70%,Loss,High
6277,US-2025-146633,11/15/2025,11/17/2025,Second Class,TG-21310,Toby Gnade,Consumer,United States,Los Angeles,California,90049,West,OFF-BI-10003527,Office Supplies,Binders,Fellowes PB500 Electric Punch Plastic Comb Binding Machine with Manual Bind,1016.79,1,0.2,381.3,Nov,2025,25-Nov,37.50%,Profitable,High
6294,US-2025-136812,11/18/2025,11/23/2025,Standard Class,AW-10930,Arthur Wiediger,Home Office,United States,Oklahoma City,Oklahoma,73120,Central,OFF-ST-10003470,Office Supplies,Storage,"Tennsco Snap-Together Open Shelving Units, Starter Sets and Add-On Units",1117.92,4,0,55.9,Nov,2025,25-Nov,5.00%,Profitable,High
6295,US-2025-103464,11/18/2025,11/22/2025,Standard Class,PG-18820,Patrick Gardner,Consumer,United States,San Diego,California,92105,West,TEC-AC-10002842,Technology,Accessories,WD My Passport Ultra 2TB Portable External Hard Drive,595,5,0,95.2,Nov,2025,25-Nov,16.00%,Profitable,High
6296,US-2025-138408,11/18/2025,11/21/2025,Second Class,KC-16255,Karen Carlisle,Corporate,United States,Huntsville,Alabama,35810,South,TEC-AC-10003870,Technology,Accessories,Logitech Z-906 Speaker sys - home theater - 5.1-CH,1319.96,4,0,527.98,Nov,2025,25-Nov,40.00%,Profitable,High
6336,US-2025-114104,11/20/2025,11/24/2025,Standard Class,NP-18670,Nora Paige,Consumer,United States,Edmond,Oklahoma,73034,Central,TEC-PH-10004536,Technology,Phones,Avaya 5420 Digital phone,944.93,7,0,236.23,Nov,2025,25-Nov,25.00%,Profitable,High
6364,US-2025-163881,11/24/2025,11/30/2025,Standard Class,SP-20860,Sung Pak,Corporate,United States,Los Angeles,California,90036,West,FUR-CH-10001394,Furniture,Chairs,Global Leather Executive Chair,1684.75,6,0.2,210.59,Nov,2025,25-Nov,12.50%,Profitable,High
6371,US-2025-163573,11/24/2025,11/27/2025,First Class,AC-10450,Amy Cox,Consumer,United States,Seattle,Washington,98105,West,OFF-BI-10004632,Office Supplies,Binders,Ibico Hi-Tech Manual Binding System,1219.96,5,0.2,381.24,Nov,2025,25-Nov,31.30%,Profitable,High
6382,US-2025-163881,11/24/2025,11/30/2025,Standard Class,SP-20860,Sung Pak,Corporate,United States,Los Angeles,California,90036,West,TEC-AC-10000420,Technology,Accessories,Logitech G500s Laser Gaming Mouse with Adjustable Weight Tuning,559.92,8,0,190.37,Nov,2025,25-Nov,34.00%,Profitable,High
6386,US-2025-163881,11/24/2025,11/30/2025,Standard Class,SP-20860,Sung Pak,Corporate,United States,Los Angeles,California,90036,West,TEC-AC-10003033,Technology,Accessories,Plantronics CS510 - Over-the-Head monaural Wireless Headset System,659.9,2,0,217.77,Nov,2025,25-Nov,33.00%,Profitable,High
6389,US-2025-132731,11/24/2025,11/28/2025,Standard Class,GA-14515,George Ashbrook,Consumer,United States,Dallas,Texas,75081,Central,TEC-PH-10004120,Technology,Phones,AT&T 1080 Phone,657.55,6,0.2,49.32,Nov,2025,25-Nov,7.50%,Profitable,High
6391,US-2025-169838,11/25/2025,11/29/2025,Standard Class,BB-11545,Brenda Bowman,Corporate,United States,Jackson,Michigan,49201,Central,FUR-TA-10001095,Furniture,Tables,Chromcraft Round Conference Tables,1568.61,9,0,329.41,Nov,2025,25-Nov,21.00%,Profitable,High
6395,US-2025-160535,11/25/2025,11/30/2025,Standard Class,BP-11050,Barry Pond,Corporate,United States,Plainfield,New Jersey,7060,East,OFF-ST-10000689,Office Supplies,Storage,"Fellowes Strictly Business Drawer File, Letter/Legal Size",563.4,4,0,67.61,Nov,2025,25-Nov,12.00%,Profitable,High
6399,US-2025-108196,11/25/2025,12/2/2025,Standard Class,CS-12505,Cindy Stewart,Consumer,United States,Lancaster,Ohio,43130,East,TEC-MA-10000418,Technology,Machines,Cubify CubeX 3D Printer Double Head Print,4499.99,5,0.7,-6599.98,Nov,2025,25-Nov,-146.70%,Loss,High
6402,US-2025-107104,11/26/2025,11/30/2025,Standard Class,MS-17365,Maribeth Schnelling,Consumer,United States,Los Angeles,California,90045,West,FUR-BO-10002213,Furniture,Bookcases,DMI Eclipse Executive Suite Bookcases,3406.66,8,0.15,160.31,Nov,2025,25-Nov,4.70%,Profitable,High
6403,US-2025-107104,11/26/2025,11/30/2025,Standard Class,MS-17365,Maribeth Schnelling,Consumer,United States,Los Angeles,California,90045,West,FUR-FU-10002937,Furniture,Furnishings,"GE 48"" Fluorescent Tube, Cool White Energy Saver, 34 Watts, 30/Box",595.38,6,0,297.69,Nov,2025,25-Nov,50.00%,Profitable,High
6416,US-2025-133711,11/26/2025,11/29/2025,First Class,MC-17425,Mark Cousins,Corporate,United States,Mobile,Alabama,36608,South,TEC-MA-10000010,Technology,Machines,Hewlett-Packard Deskjet 3050a All-in-One Color Inkjet Printer,3040,8,0,1459.2,Nov,2025,25-Nov,48.00%,Profitable,High
6439,US-2025-163167,11/28/2025,12/1/2025,Second Class,RF-19345,Randy Ferguson,Corporate,United States,Marietta,Georgia,30062,South,OFF-ST-10003805,Office Supplies,Storage,"24 Capacity Maxi Data Binder Racks, Pearl",1263.3,6,0,315.83,Nov,2025,25-Nov,25.00%,Profitable,High
6440,US-2025-163167,11/28/2025,12/1/2025,Second Class,RF-19345,Randy Ferguson,Corporate,United States,Marietta,Georgia,30062,South,OFF-ST-10004459,Office Supplies,Storage,Tennsco Single-Tier Lockers,1126.02,3,0,56.3,Nov,2025,25-Nov,5.00%,Profitable,High
6453,US-2025-157336,12/1/2025,12/5/2025,Second Class,SJ-20500,Shirley Jackson,Consumer,United States,Fairfield,Connecticut,6824,East,FUR-CH-10004997,Furniture,Chairs,Hon Every-Day Series Multi-Task Chairs,751.92,4,0,150.38,Dec,2025,25-Dec,20.00%,Profitable,High
6459,US-2025-142594,12/1/2025,12/6/2025,Second Class,EJ-14155,Eva Jacobs,Consumer,United States,Franklin,Massachusetts,2038,East,OFF-AP-10002945,Office Supplies,Appliances,Honeywell Enviracaire Portable HEPA Air Cleaner for 17' x 22' Room,901.95,3,0,297.64,Dec,2025,25-Dec,33.00%,Profitable,High
6460,US-2025-143805,12/1/2025,12/3/2025,Second Class,JD-15895,Jonathan Doherty,Corporate,United States,Richmond,Virginia,23223,South,OFF-AP-10002945,Office Supplies,Appliances,Honeywell Enviracaire Portable HEPA Air Cleaner for 17' x 22' Room,2104.55,7,0,694.5,Dec,2025,25-Dec,33.00%,Profitable,High
6468,US-2025-155768,12/1/2025,12/1/2025,Same Day,LB-16795,Laurel Beltran,Home Office,United States,Oxnard,California,93030,West,OFF-ST-10002292,Office Supplies,Storage,"Sauder Facets Collection Locker/File Cabinet, Sky Alder Finish",1112.94,3,0,222.59,Dec,2025,25-Dec,20.00%,Profitable,High
6471,US-2025-127698,12/1/2025,12/1/2025,Same Day,MV-18190,Mike Vittorini,Consumer,United States,Raleigh,North Carolina,27604,South,TEC-PH-10003811,Technology,Phones,Jabra Supreme Plus Driver Edition Headset,863.93,9,0.2,86.39,Dec,2025,25-Dec,10.00%,Profitable,High
6473,US-2025-164770,12/2/2025,12/4/2025,Second Class,MY-18295,Muhammed Yedwab,Corporate,United States,Houston,Texas,77036,Central,FUR-BO-10003893,Furniture,Bookcases,Sauder Camden County Collection Library,781.86,10,0.32,-137.98,Dec,2025,25-Dec,-17.60%,Loss,High
6486,US-2025-163804,12/2/2025,12/8/2025,Standard Class,DB-13270,Deborah Brumfield,Home Office,United States,Providence,Rhode Island,2908,East,OFF-ST-10000142,Office Supplies,Storage,Deluxe Rollaway Locking File with Drawer,2079.4,5,0,582.23,Dec,2025,25-Dec,28.00%,Profitable,High
6489,US-2025-163804,12/2/2025,12/8/2025,Standard Class,DB-13270,Deborah Brumfield,Home Office,United States,Providence,Rhode Island,2908,East,TEC-PH-10000441,Technology,Phones,VTech DS6151,629.95,5,0,176.39,Dec,2025,25-Dec,28.00%,Profitable,High
6494,US-2025-150861,12/3/2025,12/6/2025,First Class,EG-13900,Emily Grady,Consumer,United States,Oceanside,New York,11572,East,FUR-CH-10002965,Furniture,Chairs,"Global Leather Highback Executive Chair with Pneumatic Height Adjustment, Black",542.65,3,0.1,102.5,Dec,2025,25-Dec,18.90%,Profitable,High
6499,US-2025-122063,12/3/2025,12/7/2025,Standard Class,MM-17920,Michael Moore,Consumer,United States,Richmond,Indiana,47374,Central,FUR-TA-10004575,Furniture,Tables,Hon 5100 Series Wood Tables,581.96,2,0,104.75,Dec,2025,25-Dec,18.00%,Profitable,High
6506,US-2025-161025,12/3/2025,12/9/2025,Standard Class,GM-14440,Gary McGarr,Consumer,United States,Los Angeles,California,90049,West,OFF-ST-10001932,Office Supplies,Storage,Fellowes Staxonsteel Drawer Files,772.68,4,0,108.18,Dec,2025,25-Dec,14.00%,Profitable,High
6508,US-2025-153598,12/3/2025,12/6/2025,First Class,NM-18520,Neoma Murray,Consumer,United States,Los Angeles,California,90045,West,TEC-AC-10003870,Technology,Accessories,Logitech Z-906 Speaker sys - home theater - 5.1-CH,1649.95,5,0,659.98,Dec,2025,25-Dec,40.00%,Profitable,High
6521,US-2025-114489,12/5/2025,12/9/2025,Standard Class,JE-16165,Justin Ellison,Corporate,United States,Franklin,Wisconsin,53132,Central,FUR-CH-10000454,Furniture,Chairs,"Hon Deluxe Fabric Upholstered Stacking Chairs, Rounded Back",1951.84,8,0,585.55,Dec,2025,25-Dec,30.00%,Profitable,High
6531,US-2025-109722,12/5/2025,12/7/2025,Second Class,TP-21130,Theone Pippenger,Consumer,United States,Georgetown,Kentucky,40324,South,OFF-ST-10000060,Office Supplies,Storage,Fellowes Bankers Box Staxonsteel Drawer File/Stacking System,584.82,9,0,70.18,Dec,2025,25-Dec,12.00%,Profitable,High
6534,US-2025-109722,12/5/2025,12/7/2025,Second Class,TP-21130,Theone Pippenger,Consumer,United States,Georgetown,Kentucky,40324,South,TEC-PH-10000560,Technology,Phones,Samsung Galaxy S III - 16GB - pebble blue (T-Mobile),699.98,2,0,195.99,Dec,2025,25-Dec,28.00%,Profitable,High
6542,US-2025-162390,12/6/2025,12/12/2025,Standard Class,DP-13105,Dave Poirier,Corporate,United States,Hempstead,New York,11550,East,OFF-BI-10004318,Office Supplies,Binders,Ibico EB-19 Dual Function Manual Binding System,968.74,7,0.2,314.84,Dec,2025,25-Dec,32.50%,Profitable,High
6555,US-2025-160108,12/8/2025,12/12/2025,Standard Class,AG-10900,Arthur Gainer,Consumer,United States,Eau Claire,Wisconsin,54703,Central,FUR-CH-10002335,Furniture,Chairs,Hon GuestStacker Chair,680.01,3,0,176.8,Dec,2025,25-Dec,26.00%,Profitable,High
6557,US-2025-131289,12/8/2025,12/14/2025,Standard Class,SP-20620,Stefania Perrino,Corporate,United States,San Francisco,California,94110,West,FUR-TA-10003954,Furniture,Tables,Hon 94000 Series Round Tables,1421.66,6,0.2,-195.48,Dec,2025,25-Dec,-13.80%,Loss,High
6568,US-2025-117590,12/8/2025,12/10/2025,First Class,GH-14485,Gene Hale,Corporate,United States,Richardson,Texas,75080,Central,TEC-PH-10004977,Technology,Phones,GE 30524EE4,1097.54,7,0.2,123.47,Dec,2025,25-Dec,11.30%,Profitable,High
6570,US-2025-102092,12/9/2025,12/11/2025,First Class,PM-18940,Paul MacIntyre,Consumer,United States,Springfield,Virginia,22153,South,FUR-TA-10002530,Furniture,Tables,"Iceberg OfficeWorks 42"" Round Tables",1056.86,7,0,158.53,Dec,2025,25-Dec,15.00%,Profitable,High
6589,US-2025-143448,12/10/2025,12/10/2025,Same Day,MH-17455,Mark Hamilton,Consumer,United States,Greenwood,Indiana,46142,Central,FUR-CH-10003379,Furniture,Chairs,Global Commerce Series High-Back Swivel/Tilt Chairs,1424.9,5,0,356.23,Dec,2025,25-Dec,25.00%,Profitable,High
6593,US-2025-144309,12/10/2025,12/16/2025,Standard Class,CM-12235,Chris McAfee,Consumer,United States,Watertown,New York,13601,East,OFF-BI-10003656,Office Supplies,Binders,Fellowes PB200 Plastic Comb Binding Machine,679.96,5,0.2,220.99,Dec,2025,25-Dec,32.50%,Profitable,High
6608,US-2025-165330,12/11/2025,12/11/2025,Same Day,WB-21850,William Brown,Consumer,United States,Anaheim,California,92804,West,FUR-TA-10004619,Furniture,Tables,Hon Non-Folding Utility Tables,892.14,7,0.2,111.52,Dec,2025,25-Dec,12.50%,Profitable,High
6629,US-2025-105816,12/11/2025,12/17/2025,Standard Class,JM-15265,Janet Molinari,Corporate,United States,New York City,New York,10024,East,TEC-PH-10002447,Technology,Phones,AT&T CL83451 4-Handset Telephone,1029.95,5,0,298.69,Dec,2025,25-Dec,29.00%,Profitable,High
6643,US-2025-139395,12/12/2025,12/18/2025,Standard Class,MG-17650,Matthew Grinstein,Home Office,United States,Jackson,Michigan,49201,Central,TEC-PH-10002103,Technology,Phones,Jabra SPEAK 410,657.93,7,0,184.22,Dec,2025,25-Dec,28.00%,Profitable,High
6647,US-2025-142958,12/13/2025,12/20/2025,Standard Class,RW-19630,Rob Williams,Corporate,United States,Torrance,California,90503,West,FUR-TA-10000577,Furniture,Tables,Bretford CR4500 Series Slim Rectangular Table,1114.27,4,0.2,41.79,Dec,2025,25-Dec,3.80%,Profitable,High
6661,US-2025-142335,12/15/2025,12/19/2025,Standard Class,MP-17965,Michael Paige,Corporate,United States,Detroit,Michigan,48205,Central,FUR-TA-10000198,Furniture,Tables,Chromcraft Bull-Nose Wood Oval Conference Tables & Bases,1652.94,3,0,231.41,Dec,2025,25-Dec,14.00%,Profitable,High
6662,US-2025-127334,12/15/2025,12/21/2025,Standard Class,MP-18175,Mike Pelletier,Home Office,United States,Springfield,Oregon,97477,West,FUR-TA-10003473,Furniture,Tables,Bretford Rectangular Conference Table Tops,564.2,3,0.5,-304.67,Dec,2025,25-Dec,-54.00%,Loss,High
6669,US-2025-118332,12/16/2025,12/23/2025,Standard Class,PK-19075,Pete Kriz,Consumer,United States,Apple Valley,California,92307,West,FUR-CH-10001708,Furniture,Chairs,Office Star - Contemporary Swivel Chair with Padded Adjustable Arms and Flex Back,563.92,5,0.2,7.05,Dec,2025,25-Dec,1.20%,Profitable,High
6674,US-2025-155530,12/17/2025,12/21/2025,Standard Class,CM-12160,Charles McCrossin,Consumer,United States,San Francisco,California,94122,West,FUR-TA-10004256,Furniture,Tables,Bretford “Just In Time” Height-Adjustable Multi-Task Work Tables,2003.52,6,0.2,-325.57,Dec,2025,25-Dec,-16.30%,Loss,High
6675,US-2025-117121,12/17/2025,12/21/2025,Standard Class,AB-10105,Adrian Barton,Consumer,United States,Detroit,Michigan,48205,Central,OFF-BI-10000545,Office Supplies,Binders,GBC Ibimaster 500 Manual ProClick Binding System,9892.74,13,0,4946.37,Dec,2025,25-Dec,50.00%,Profitable,High
6681,US-2025-138597,12/18/2025,12/21/2025,First Class,PN-18775,Parhena Norris,Home Office,United States,Omaha,Nebraska,68104,Central,FUR-CH-10004997,Furniture,Chairs,Hon Every-Day Series Multi-Task Chairs,563.94,3,0,112.79,Dec,2025,25-Dec,20.00%,Profitable,High
6689,US-2025-101546,12/18/2025,12/24/2025,Standard Class,GK-14620,Grace Kelly,Corporate,United States,Morristown,New Jersey,7960,East,OFF-BI-10001359,Office Supplies,Binders,GBC DocuBind TL300 Electric Binding System,1793.98,2,0,843.17,Dec,2025,25-Dec,47.00%,Profitable,High
6694,US-2025-150945,12/18/2025,12/20/2025,Second Class,JK-16120,Julie Kriz,Home Office,United States,New York City,New York,10009,East,OFF-ST-10003716,Office Supplies,Storage,Tennsco Double-Tier Lockers,900.08,4,0,117.01,Dec,2025,25-Dec,13.00%,Profitable,High
6695,US-2025-112697,12/18/2025,12/20/2025,Second Class,AH-10195,Alan Haines,Corporate,United States,Tamarac,Florida,33319,South,OFF-SU-10000646,Office Supplies,Supplies,Premier Automatic Letter Opener,961.48,5,0.2,-204.31,Dec,2025,25-Dec,-21.30%,Loss,High
6696,US-2025-145919,12/18/2025,12/23/2025,Standard Class,HG-14965,Henry Goldwyn,Corporate,United States,Los Angeles,California,90032,West,OFF-SU-10003505,Office Supplies,Supplies,Premier Electric Letter Opener,579.3,5,0,28.97,Dec,2025,25-Dec,5.00%,Profitable,High
6699,US-2025-133795,12/18/2025,12/24/2025,Standard Class,JE-15475,Jeremy Ellison,Consumer,United States,San Diego,California,92037,West,TEC-AC-10003832,Technology,Accessories,Logitech P710e Mobile Speakerphone,772.47,3,0,146.77,Dec,2025,25-Dec,19.00%,Profitable,High
6713,US-2025-114860,12/22/2025,12/28/2025,Standard Class,DN-13690,Duane Noonan,Consumer,United States,Moreno Valley,California,92553,West,FUR-FU-10000277,Furniture,Furnishings,Deflect-o DuraMat Antistatic Studded Beveled Mat for Medium Pile Carpeting,842.72,8,0,202.25,Dec,2025,25-Dec,24.00%,Profitable,High
6723,US-2025-137043,12/23/2025,12/25/2025,Second Class,LC-17140,Logan Currie,Consumer,United States,Springfield,Virginia,22153,South,FUR-FU-10003664,Furniture,Furnishings,"Electrix Architect's Clamp-On Swing Arm Lamp, Black",572.76,6,0,166.1,Dec,2025,25-Dec,29.00%,Profitable,High
6735,US-2025-135776,12/23/2025,12/30/2025,Standard Class,EH-13765,Edward Hooks,Corporate,United States,Seattle,Washington,98103,West,OFF-ST-10003470,Office Supplies,Storage,"Tennsco Snap-Together Open Shelving Units, Starter Sets and Add-On Units",1117.92,4,0,55.9,Dec,2025,25-Dec,5.00%,Profitable,High
6736,US-2025-157791,12/23/2025,12/28/2025,Second Class,CA-11965,Carol Adams,Corporate,United States,Warwick,Rhode Island,2886,East,TEC-CO-10002095,Technology,Copiers,Hewlett Packard 610 Color Digital Copier / Printer,1999.96,4,0,899.98,Dec,2025,25-Dec,45.00%,Profitable,High
6737,US-2025-114867,12/23/2025,12/28/2025,Standard Class,FM-14290,Frank Merwin,Home Office,United States,Philadelphia,Pennsylvania,19143,East,TEC-PH-10002645,Technology,Phones,LG G2,1499.97,5,0.4,-374.99,Dec,2025,25-Dec,-25.00%,Loss,High
6742,US-2025-157259,12/24/2025,12/28/2025,Standard Class,JM-15535,Jessica Myrick,Consumer,United States,New York City,New York,10035,East,FUR-FU-10003192,Furniture,Furnishings,Luxo Adjustable Task Clamp Lamp,799.56,9,0,207.89,Dec,2025,25-Dec,26.00%,Profitable,High
6746,US-2025-168620,12/24/2025,12/28/2025,Second Class,RB-19795,Ross Baird,Home Office,United States,Charlotte,North Carolina,28205,South,OFF-ST-10003716,Office Supplies,Storage,Tennsco Double-Tier Lockers,540.05,3,0.2,-47.25,Dec,2025,25-Dec,-8.80%,Loss,High
6749,US-2025-105081,12/25/2025,12/30/2025,Standard Class,JE-15715,Joe Elijah,Consumer,United States,Seattle,Washington,98115,West,FUR-CH-10000847,Furniture,Chairs,Global Executive Mid-Back Manager's Chair,698.35,3,0.2,52.38,Dec,2025,25-Dec,7.50%,Profitable,High
6750,US-2025-169670,12/25/2025,12/31/2025,Standard Class,JE-15715,Joe Elijah,Consumer,United States,New York City,New York,10009,East,FUR-CH-10002331,Furniture,Chairs,Hon 4700 Series Mobuis Mid-Back Task Chairs with Adjustable Arms,2563.06,8,0.1,313.26,Dec,2025,25-Dec,12.20%,Profitable,High
6751,US-2025-110975,12/25/2025,12/30/2025,Standard Class,DB-12970,Darren Budd,Corporate,United States,New York City,New York,10024,East,FUR-CH-10003746,Furniture,Chairs,Hon 4070 Series Pagoda Round Back Stacking Chairs,866.65,3,0.1,173.33,Dec,2025,25-Dec,20.00%,Profitable,High
6755,US-2025-105081,12/25/2025,12/30/2025,Standard Class,JE-15715,Joe Elijah,Consumer,United States,Seattle,Washington,98115,West,FUR-TA-10001307,Furniture,Tables,"SAFCO PlanMaster Heigh-Adjustable Drafting Table Base, 43w x 30d x 30-37h, Black",1747.25,5,0,629.01,Dec,2025,25-Dec,36.00%,Profitable,High
6767,US-2025-116729,12/25/2025,12/28/2025,First Class,GK-14620,Grace Kelly,Corporate,United States,Los Angeles,California,90049,West,TEC-PH-10002200,Technology,Phones,Samsung Galaxy Note 2,2575.94,7,0.2,257.59,Dec,2025,25-Dec,10.00%,Profitable,High
6770,US-2025-129868,12/26/2025,12/31/2025,Standard Class,MC-18130,Mike Caudle,Corporate,United States,Los Angeles,California,90004,West,FUR-TA-10003473,Furniture,Tables,Bretford Rectangular Conference Table Tops,902.71,3,0.2,33.85,Dec,2025,25-Dec,3.80%,Profitable,High
6782,US-2025-162852,12/27/2025,12/31/2025,Standard Class,BG-11695,Brooke Gillingham,Corporate,United States,Woodstock,Illinois,60098,Central,FUR-CH-10004853,Furniture,Chairs,"Global Manager's Adjustable Task Chair, Storm",845.49,8,0.3,-12.08,Dec,2025,25-Dec,-1.40%,Loss,High
6789,US-2025-156300,12/29/2025,1/2/2026,Standard Class,TB-21595,Troy Blackwell,Consumer,United States,Milwaukee,Wisconsin,53209,Central,FUR-CH-10001714,Furniture,Chairs,"Global Leather & Oak Executive Chair, Burgundy",754.45,5,0,60.36,Dec,2025,25-Dec,8.00%,Profitable,High
6826,US-2026-147207,1/2/2026,1/4/2026,Second Class,TS-21655,Trudy Schmidt,Consumer,United States,El Paso,Texas,79907,Central,FUR-TA-10002958,Furniture,Tables,"Bevis Oval Conference Table, Walnut",913.43,5,0.3,-169.64,Jan,2026,26-Jan,-18.60%,Loss,High
6833,US-2026-113481,1/2/2026,1/4/2026,First Class,AS-10045,Aaron Smayling,Corporate,United States,Jacksonville,North Carolina,28540,South,TEC-MA-10002178,Technology,Machines,Cisco CP-7937G Unified IP Conference Station Phone,695.7,2,0.5,-27.83,Jan,2026,26-Jan,-4.00%,Loss,High
6835,US-2026-111738,1/3/2026,1/7/2026,Standard Class,CM-12385,Christopher Martinez,Consumer,United States,San Francisco,California,94110,West,OFF-BI-10004584,Office Supplies,Binders,GBC ProClick 150 Presentation Binding System,2022.27,8,0.2,682.52,Jan,2026,26-Jan,33.80%,Profitable,High
6843,US-2026-159366,1/7/2026,1/10/2026,First Class,BW-11110,Bart Watters,Corporate,United States,Detroit,Michigan,48205,Central,TEC-MA-10000822,Technology,Machines,Lexmark MX611dhe Monochrome Laser Printer,3059.98,2,0.1,680,Jan,2026,26-Jan,22.20%,Profitable,High
6844,US-2026-115154,1/8/2026,1/11/2026,First Class,RS-19420,Ricardo Sperren,Corporate,United States,Seattle,Washington,98115,West,FUR-TA-10001950,Furniture,Tables,Balt Solid Wood Round Tables,892.98,2,0,80.37,Jan,2026,26-Jan,9.00%,Profitable,High
6847,US-2026-148551,1/12/2026,1/16/2026,Standard Class,DB-13120,David Bremer,Corporate,United States,Dallas,Texas,75217,Central,OFF-BI-10000545,Office Supplies,Binders,GBC Ibimaster 500 Manual ProClick Binding System,760.98,5,0.8,-1141.47,Jan,2026,26-Jan,-150.00%,Loss,High
6853,US-2026-167402,1/13/2026,1/18/2026,Second Class,CP-12085,Cathy Prescott,Corporate,United States,Springfield,Missouri,65807,Central,OFF-SU-10002881,Office Supplies,Supplies,Martin Yale Chadless Opener Electric Letter Opener,4164.05,5,0,83.28,Jan,2026,26-Jan,2.00%,Profitable,High
6873,US-2026-167752,1/15/2026,1/18/2026,First Class,RW-19690,Robert Waldorf,Consumer,United States,Philadelphia,Pennsylvania,19134,East,OFF-AP-10002945,Office Supplies,Appliances,Honeywell Enviracaire Portable HEPA Air Cleaner for 17' x 22' Room,1924.16,8,0.2,312.68,Jan,2026,26-Jan,16.30%,Profitable,High
6883,US-2026-138289,1/16/2026,1/18/2026,Second Class,AR-10540,Andy Reiter,Consumer,United States,Jackson,Michigan,49201,Central,OFF-BI-10004995,Office Supplies,Binders,GBC DocuBind P400 Electric Binding System,5443.96,4,0,2504.22,Jan,2026,26-Jan,46.00%,Profitable,High
6886,US-2026-153045,1/19/2026,1/24/2026,Second Class,NS-18505,Neola Schneider,Consumer,United States,Philadelphia,Pennsylvania,19140,East,FUR-CH-10000309,Furniture,Chairs,Global Comet Stacking Arm Chair,887.27,3,0.3,-63.38,Jan,2026,26-Jan,-7.10%,Loss,High
6888,US-2026-127292,1/19/2026,1/23/2026,Standard Class,RM-19375,Raymond Messe,Consumer,United States,Burlington,Vermont,5401,East,OFF-AP-10000828,Office Supplies,Appliances,Avanti 4.4 Cu. Ft. Refrigerator,542.94,3,0,152.02,Jan,2026,26-Jan,28.00%,Profitable,High
6911,US-2026-127026,1/21/2026,1/27/2026,Standard Class,MH-18115,Mick Hernandez,Home Office,United States,Jackson,Michigan,49201,Central,TEC-AC-10002049,Technology,Accessories,Logitech G19 Programmable Gaming Keyboard,619.95,5,0,111.59,Jan,2026,26-Jan,18.00%,Profitable,High
6923,US-2026-127432,1/22/2026,1/27/2026,Standard Class,AD-10180,Alan Dominguez,Home Office,United States,Great Falls,Montana,59405,West,OFF-ST-10004459,Office Supplies,Storage,Tennsco Single-Tier Lockers,1126.02,3,0,56.3,Jan,2026,26-Jan,5.00%,Profitable,High
6925,US-2026-127432,1/22/2026,1/27/2026,Standard Class,AD-10180,Alan Dominguez,Home Office,United States,Great Falls,Montana,59405,West,TEC-CO-10003236,Technology,Copiers,Canon Image Class D660 Copier,2999.95,5,0,1379.98,Jan,2026,26-Jan,46.00%,Profitable,High
6942,US-2026-105935,1/26/2026,1/31/2026,Standard Class,BD-11500,Bradley Drucker,Consumer,United States,Columbus,Georgia,31907,South,TEC-PH-10001459,Technology,Phones,Samsung Galaxy Mega 6.3,2939.93,7,0,764.38,Jan,2026,26-Jan,26.00%,Profitable,High
6974,US-2026-157273,1/30/2026,2/2/2026,First Class,SZ-20035,Sam Zeldin,Home Office,United States,Seattle,Washington,98105,West,TEC-PH-10002275,Technology,Phones,Mitel 5320 IP Phone VoIP phone,604.77,4,0.2,60.48,Jan,2026,26-Jan,10.00%,Profitable,High
6975,US-2026-121790,1/30/2026,2/6/2026,Standard Class,LP-17095,Liz Preis,Consumer,United States,Aurora,Illinois,60505,Central,TEC-PH-10002584,Technology,Phones,Samsung Galaxy S4,2003.17,4,0.2,250.4,Jan,2026,26-Jan,12.50%,Profitable,High
6995,US-2026-107517,2/5/2026,2/9/2026,Standard Class,FC-14335,Fred Chung,Corporate,United States,Torrance,California,90503,West,OFF-AP-10000275,Office Supplies,Appliances,"Sanyo Counter Height Refrigerator with Crisper, 3.6 Cubic Foot, Stainless Steel/Black",1640.7,5,0,459.4,Feb,2026,26-Feb,28.00%,Profitable,High
7012,US-2026-131828,2/11/2026,2/13/2026,Second Class,CS-11845,Cari Sayre,Corporate,United States,Seattle,Washington,98105,West,FUR-CH-10004495,Furniture,Chairs,"Global Leather and Oak Executive Chair, Black",963.14,4,0.2,108.35,Feb,2026,26-Feb,11.30%,Profitable,High
7023,US-2026-104801,2/13/2026,2/19/2026,Standard Class,FH-14350,Fred Harton,Consumer,United States,Seattle,Washington,98105,West,TEC-AC-10001838,Technology,Accessories,Razer Tiamat Over Ear 7.1 Surround Sound PC Gaming Headset,799.96,4,0,343.98,Feb,2026,26-Feb,43.00%,Profitable,High
7024,US-2026-163265,2/16/2026,2/21/2026,Standard Class,JS-16030,Joy Smith,Consumer,United States,Decatur,Illinois,62521,Central,FUR-CH-10004063,Furniture,Chairs,Global Deluxe High-Back Manager's Chair,600.56,3,0.3,-8.58,Feb,2026,26-Feb,-1.40%,Loss,High
7030,US-2026-120019,2/16/2026,2/21/2026,Standard Class,NG-18355,Nat Gilpin,Corporate,United States,Fairfield,Connecticut,6824,East,OFF-ST-10001932,Office Supplies,Storage,Fellowes Staxonsteel Drawer Files,579.51,3,0,81.13,Feb,2026,26-Feb,14.00%,Profitable,High
7033,US-2026-109085,2/17/2026,2/20/2026,First Class,CK-12325,Christine Kargatis,Home Office,United States,Troy,Ohio,45373,East,FUR-CH-10003981,Furniture,Chairs,Global Commerce Series Low-Back Swivel/Tilt Chairs,899.43,5,0.3,-12.85,Feb,2026,26-Feb,-1.40%,Loss,High
7049,US-2026-122693,2/19/2026,2/21/2026,Second Class,NH-18610,Nicole Hansen,Corporate,United States,Roswell,Georgia,30076,South,OFF-AP-10002518,Office Supplies,Appliances,Kensington 7 Outlet MasterPiece Power Center,1245.86,7,0,361.3,Feb,2026,26-Feb,29.00%,Profitable,High
7069,US-2026-127397,2/24/2026,2/28/2026,Standard Class,ES-14080,Erin Smith,Corporate,United States,Philadelphia,Pennsylvania,19134,East,TEC-AC-10003033,Technology,Accessories,Plantronics CS510 - Over-the-Head monaural Wireless Headset System,1319.8,5,0.2,214.47,Feb,2026,26-Feb,16.30%,Profitable,High
7073,US-2026-117212,2/26/2026,2/28/2026,Second Class,BT-11530,Bradley Talbott,Home Office,United States,Los Angeles,California,90036,West,FUR-CH-10003973,Furniture,Chairs,GuestStacker Chair with Chrome Finish Legs,892.22,3,0.2,89.22,Feb,2026,26-Feb,10.00%,Profitable,High
7081,US-2026-117212,2/26/2026,2/28/2026,Second Class,BT-11530,Bradley Talbott,Home Office,United States,Los Angeles,California,90036,West,TEC-PH-10004447,Technology,Phones,Toshiba IPT2010-SD IP Telephone,889.54,8,0.2,66.72,Feb,2026,26-Feb,7.50%,Profitable,High
7100,US-2026-123085,3/3/2026,3/8/2026,Standard Class,EJ-13720,Ed Jacobs,Consumer,United States,Los Angeles,California,90008,West,TEC-AC-10000990,Technology,Accessories,Imation Bio 2GB USB Flash Drive Imation Corp,1049.44,8,0,440.76,Mar,2026,26-Mar,42.00%,Profitable,High
7130,US-2026-155698,3/8/2026,3/11/2026,First Class,VB-21745,Victoria Brennan,Corporate,United States,Columbus,Georgia,31907,South,OFF-AP-10001124,Office Supplies,Appliances,Belkin 8 Outlet SurgeMaster II Gold Surge Protector with Phone Protection,647.84,8,0,168.44,Mar,2026,26-Mar,26.00%,Profitable,High
7139,US-2026-132290,3/10/2026,3/14/2026,Standard Class,MD-17350,Maribeth Dona,Consumer,United States,Dallas,Texas,75217,Central,FUR-TA-10002228,Furniture,Tables,"Bevis Traditional Conference Table Top, Plinth Base",933.41,4,0.3,-173.35,Mar,2026,26-Mar,-18.60%,Loss,High
7149,US-2026-147291,3/11/2026,3/17/2026,Standard Class,MJ-17740,Max Jones,Consumer,United States,Detroit,Michigan,48227,Central,OFF-BI-10003091,Office Supplies,Binders,GBC DocuBind TL200 Manual Binding Machine,895.92,4,0,421.08,Mar,2026,26-Mar,47.00%,Profitable,High
7152,US-2026-141558,3/11/2026,3/16/2026,Standard Class,MH-17290,Marc Harrigan,Home Office,United States,Philadelphia,Pennsylvania,19140,East,TEC-PH-10002555,Technology,Phones,Nortel Meridian M5316 Digital phone,776.85,5,0.4,-181.27,Mar,2026,26-Mar,-23.30%,Loss,High
7168,US-2026-105851,3/13/2026,3/20/2026,Standard Class,SE-20110,Sanjit Engle,Consumer,United States,Denver,Colorado,80219,West,OFF-SU-10002881,Office Supplies,Supplies,Martin Yale Chadless Opener Electric Letter Opener,1332.5,2,0.2,-299.81,Mar,2026,26-Mar,-22.50%,Loss,High
7170,US-2026-157966,3/13/2026,3/13/2026,Same Day,SU-20665,Stephanie Ulpright,Home Office,United States,Chicago,Illinois,60610,Central,TEC-CO-10001449,Technology,Copiers,Hewlett Packard LaserJet 3310 Copier,959.98,2,0.2,335.99,Mar,2026,26-Mar,35.00%,Profitable,High
7176,CA-2026-139675,3/13/2026,3/18/2026,Second Class,NF-18595,Nicole Fjeld,Home Office,Canada,Calgary,Alberta,T2C,West,FUR-CH-10004063,Furniture,Chairs,Global Deluxe High-Back Manager's Chair,915.14,4,0.2,102.95,Mar,2026,26-Mar,11.20%,Profitable,High
7190,US-2026-101539,3/16/2026,3/18/2026,Second Class,VM-21685,Valerie Mitchum,Home Office,United States,Seattle,Washington,98105,West,TEC-PH-10004165,Technology,Phones,Mitel MiVoice 5330e IP Phone,659.98,3,0.2,49.5,Mar,2026,26-Mar,7.50%,Profitable,High
7218,US-2026-162075,3/18/2026,3/24/2026,Standard Class,TT-21220,Thomas Thornton,Consumer,United States,Houston,Texas,77041,Central,TEC-PH-10001557,Technology,Phones,Pyle PMP37LED,537.54,7,0.2,47.04,Mar,2026,26-Mar,8.80%,Profitable,High
7220,US-2026-124436,3/19/2026,3/22/2026,Second Class,SA-20830,Sue Ann Reed,Consumer,United States,Fresno,California,93727,West,FUR-TA-10001095,Furniture,Tables,Chromcraft Round Conference Tables,697.16,5,0.2,8.71,Mar,2026,26-Mar,1.30%,Profitable,High
7229,US-2026-105410,3/19/2026,3/22/2026,First Class,ND-18370,Natalie DeCherney,Consumer,United States,San Francisco,California,94110,West,TEC-PH-10000038,Technology,Phones,Jawbone MINI JAMBOX Wireless Bluetooth Speaker,657.5,6,0.2,-131.5,Mar,2026,26-Mar,-20.00%,Loss,High
7237,US-2026-119452,3/21/2026,3/27/2026,Standard Class,CL-12565,Clay Ludtke,Consumer,United States,Tulsa,Oklahoma,74133,Central,FUR-CH-10004495,Furniture,Chairs,"Global Leather and Oak Executive Chair, Black",1805.88,6,0,523.71,Mar,2026,26-Mar,29.00%,Profitable,High
7248,US-2026-108539,3/21/2026,3/23/2026,Second Class,SC-20725,Steven Cartwright,Consumer,United States,Los Angeles,California,90045,West,OFF-ST-10003208,Office Supplies,Storage,Adjustable Depth Letter/Legal Cart,725.84,4,0,210.49,Mar,2026,26-Mar,29.00%,Profitable,High
7256,US-2026-140151,3/23/2026,3/25/2026,First Class,RB-19360,Raymond Buch,Consumer,United States,Seattle,Washington,98115,West,TEC-CO-10004722,Technology,Copiers,Canon imageCLASS 2200 Advanced Copier,13999.96,4,0,6719.98,Mar,2026,26-Mar,48.00%,Profitable,High
7266,US-2026-155880,3/25/2026,3/31/2026,Standard Class,JD-16150,Justin Deggeller,Corporate,United States,Milwaukee,Wisconsin,53209,Central,FUR-CH-10004675,Furniture,Chairs,"Lifetime Advantage Folding Chairs, 4/Carton",1526.56,7,0,427.44,Mar,2026,26-Mar,28.00%,Profitable,High
7285,US-2026-141677,3/26/2026,3/30/2026,Standard Class,HK-14890,Heather Kirkland,Corporate,United States,Houston,Texas,77070,Central,TEC-CO-10002313,Technology,Copiers,Canon PC1080F Personal Copier,2399.96,5,0.2,569.99,Mar,2026,26-Mar,23.80%,Profitable,High
7287,US-2026-144491,3/27/2026,4/1/2026,Standard Class,CJ-12010,Caroline Jumper,Consumer,United States,Houston,Texas,77070,Central,FUR-BO-10001811,Furniture,Bookcases,"Atlantic Metals Mobile 5-Shelf Bookcases, Custom Colors",1023.33,5,0.32,-30.1,Mar,2026,26-Mar,-2.90%,Loss,High
7289,US-2026-144491,3/27/2026,4/1/2026,Standard Class,CJ-12010,Caroline Jumper,Consumer,United States,Houston,Texas,77070,Central,FUR-CH-10004063,Furniture,Chairs,Global Deluxe High-Back Manager's Chair,600.56,3,0.3,-8.58,Mar,2026,26-Mar,-1.40%,Loss,High
7307,US-2026-147886,3/28/2026,3/31/2026,First Class,DH-13075,Dave Hallsten,Corporate,United States,Fairfield,California,94533,West,OFF-ST-10002743,Office Supplies,Storage,SAFCO Boltless Steel Shelving,795.48,7,0,7.95,Mar,2026,26-Mar,1.00%,Profitable,High
7308,US-2026-147886,3/28/2026,3/31/2026,First Class,DH-13075,Dave Hallsten,Corporate,United States,Fairfield,California,94533,West,TEC-MA-10004679,Technology,Machines,StarTech.com 10/100 VDSL2 Ethernet Extender Kit,532.72,2,0.2,53.27,Mar,2026,26-Mar,10.00%,Profitable,High
7325,US-2026-133263,3/31/2026,4/2/2026,Second Class,JE-15610,Jim Epp,Corporate,United States,Atlanta,Georgia,30318,South,TEC-CO-10001449,Technology,Copiers,Hewlett Packard LaserJet 3310 Copier,2999.95,5,0,1439.98,Mar,2026,26-Mar,48.00%,Profitable,High
7326,US-2026-159205,3/31/2026,4/2/2026,Second Class,DB-12910,Daniel Byrd,Home Office,United States,Henderson,Kentucky,42420,South,TEC-PH-10000526,Technology,Phones,Vtech CS6719,671.93,7,0,188.14,Mar,2026,26-Mar,28.00%,Profitable,High
7328,US-2026-100524,3/31/2026,4/2/2026,Second Class,CM-12115,Chad McGuire,Consumer,United States,New York City,New York,10011,East,TEC-PH-10002549,Technology,Phones,Polycom SoundPoint IP 450 VoIP phone,677.58,3,0,176.17,Mar,2026,26-Mar,26.00%,Profitable,High
7339,US-2026-149881,4/1/2026,4/3/2026,First Class,NC-18535,Nick Crebassa,Corporate,United States,San Francisco,California,94110,West,TEC-MA-10000418,Technology,Machines,Cubify CubeX 3D Printer Double Head Print,4799.98,2,0.2,360,Apr,2026,26-Apr,7.50%,Profitable,High
7358,US-2026-100930,4/7/2026,4/12/2026,Standard Class,CS-12400,Christopher Schild,Home Office,United States,Tampa,Florida,33614,South,FUR-TA-10003473,Furniture,Tables,Bretford Rectangular Conference Table Tops,620.61,3,0.45,-248.25,Apr,2026,26-Apr,-40.00%,Loss,High
7361,US-2026-100930,4/7/2026,4/12/2026,Standard Class,CS-12400,Christopher Schild,Home Office,United States,Tampa,Florida,33614,South,TEC-AC-10003832,Technology,Accessories,Logitech P710e Mobile Speakerphone,617.98,3,0.2,-7.72,Apr,2026,26-Apr,-1.30%,Loss,High
7367,US-2026-157854,4/8/2026,4/15/2026,Standard Class,DM-13345,Denise Monton,Corporate,United States,Roswell,Georgia,30076,South,OFF-BI-10001359,Office Supplies,Binders,GBC DocuBind TL300 Electric Binding System,2690.97,3,0,1264.76,Apr,2026,26-Apr,47.00%,Profitable,High
7370,US-2026-112333,4/8/2026,4/14/2026,Standard Class,KF-16285,Karen Ferguson,Home Office,United States,Plainfield,New Jersey,7060,East,OFF-ST-10001780,Office Supplies,Storage,Tennsco 16-Compartment Lockers with Coat Rack,2591.56,4,0,621.97,Apr,2026,26-Apr,24.00%,Profitable,High
7382,US-2026-135279,4/9/2026,4/11/2026,First Class,BS-11800,Bryan Spruell,Home Office,United States,New York City,New York,10011,East,OFF-ST-10001097,Office Supplies,Storage,Office Impressions Heavy Duty Welded Shelving & Multimedia Storage Drawers,501.81,3,0,0,Apr,2026,26-Apr,0.00%,Loss,High
7403,US-2026-155460,4/13/2026,4/15/2026,First Class,RW-19630,Rob Williams,Corporate,United States,Seattle,Washington,98105,West,OFF-BI-10003091,Office Supplies,Binders,GBC DocuBind TL200 Manual Binding Machine,895.92,5,0.2,302.37,Apr,2026,26-Apr,33.80%,Profitable,High
7442,US-2026-134845,4/17/2026,4/23/2026,Standard Class,SR-20425,Sharelle Roach,Home Office,United States,Louisville,Colorado,80027,West,TEC-MA-10000822,Technology,Machines,Lexmark MX611dhe Monochrome Laser Printer,2549.99,5,0.7,-3399.98,Apr,2026,26-Apr,-133.30%,Loss,High
7453,US-2026-166324,4/20/2026,4/21/2026,First Class,BE-11455,Brad Eason,Home Office,United States,Cleveland,Ohio,44105,East,OFF-ST-10000078,Office Supplies,Storage,Tennsco 6- and 18-Compartment Lockers,848.54,4,0.2,-21.21,Apr,2026,26-Apr,-2.50%,Loss,High
7457,US-2026-128853,4/21/2026,4/23/2026,First Class,JM-15250,Janet Martin,Consumer,United States,Baltimore,Maryland,21215,East,FUR-CH-10004218,Furniture,Chairs,"Global Fabric Manager's Chair, Dark Gray",908.82,9,0,227.21,Apr,2026,26-Apr,25.00%,Profitable,High
7467,US-2026-146192,4/22/2026,4/26/2026,Standard Class,BD-11725,Bruce Degenhardt,Consumer,United States,Columbus,Georgia,31907,South,OFF-ST-10003716,Office Supplies,Storage,Tennsco Double-Tier Lockers,675.06,3,0,87.76,Apr,2026,26-Apr,13.00%,Profitable,High
7491,US-2026-116953,4/24/2026,4/25/2026,First Class,SV-20935,Susan Vittorini,Consumer,United States,Mesa,Arizona,85204,West,TEC-PH-10004614,Technology,Phones,AT&T 841000 Phone,552,10,0.2,34.5,Apr,2026,26-Apr,6.30%,Profitable,High
7512,US-2026-137631,4/28/2026,5/2/2026,Standard Class,JL-15235,Janet Lee,Consumer,United States,Kissimmee,Florida,34741,South,TEC-PH-10002624,Technology,Phones,Samsung Galaxy S4 Mini,751.98,2,0.2,84.6,Apr,2026,26-Apr,11.30%,Profitable,High
7513,US-2026-164056,4/29/2026,5/4/2026,Second Class,FM-14215,Filia McAdams,Corporate,United States,Dublin,Ohio,43017,East,FUR-TA-10001307,Furniture,Tables,"SAFCO PlanMaster Heigh-Adjustable Drafting Table Base, 43w x 30d x 30-37h, Black",1048.35,5,0.4,-69.89,Apr,2026,26-Apr,-6.70%,Loss,High
7532,US-2026-144526,4/30/2026,5/6/2026,Standard Class,QJ-19255,Quincy Jones,Corporate,United States,Philadelphia,Pennsylvania,19143,East,TEC-PH-10002549,Technology,Phones,Polycom SoundPoint IP 450 VoIP phone,677.58,5,0.4,-158.1,Apr,2026,26-Apr,-23.30%,Loss,High
7534,US-2026-102204,5/1/2026,5/6/2026,Standard Class,CJ-12010,Caroline Jumper,Consumer,United States,Jacksonville,Florida,32216,South,FUR-CH-10002024,Furniture,Chairs,HON 5400 Series Task Chairs for Big and Tall,2803.92,5,0.2,0,May,2026,26-May,0.00%,Loss,High
7535,US-2026-102204,5/1/2026,5/6/2026,Standard Class,CJ-12010,Caroline Jumper,Consumer,United States,Jacksonville,Florida,32216,South,FUR-TA-10001889,Furniture,Tables,Bush Advantage Collection Racetrack Conference Table,933.26,4,0.45,-458.15,May,2026,26-May,-49.10%,Loss,High
7551,US-2026-132178,5/3/2026,5/8/2026,Second Class,DB-12970,Darren Budd,Corporate,United States,Los Angeles,California,90004,West,OFF-ST-10000025,Office Supplies,Storage,Fellowes Stor/Drawer Steel Plus Storage Drawers,763.44,8,0,45.81,May,2026,26-May,6.00%,Profitable,High
7562,US-2026-128755,5/4/2026,5/8/2026,Standard Class,MK-18160,Mike Kennedy,Consumer,United States,Newport News,Virginia,23602,South,OFF-ST-10003306,Office Supplies,Storage,Letter Size Cart,571.44,4,0,165.72,May,2026,26-May,29.00%,Profitable,High
7571,US-2026-133200,5/6/2026,5/11/2026,Standard Class,DB-13555,Dorothy Badders,Corporate,United States,Fort Worth,Texas,76106,Central,FUR-BO-10001601,Furniture,Bookcases,"Sauder Mission Library with Doors, Fruitwood Finish",623.46,7,0.32,-119.19,May,2026,26-May,-19.10%,Loss,High
7580,US-2026-133200,5/6/2026,5/11/2026,Standard Class,DB-13555,Dorothy Badders,Corporate,United States,Fort Worth,Texas,76106,Central,OFF-ST-10001932,Office Supplies,Storage,Fellowes Staxonsteel Drawer Files,772.68,5,0.2,-57.95,May,2026,26-May,-7.50%,Loss,High
7583,US-2026-144498,5/6/2026,5/6/2026,Same Day,MB-18085,Mick Brown,Consumer,United States,Charlotte,North Carolina,28205,South,TEC-PH-10004977,Technology,Phones,GE 30524EE4,627.17,4,0.2,70.56,May,2026,26-May,11.30%,Profitable,High
7586,US-2026-141733,5/7/2026,5/11/2026,Standard Class,RW-19540,Rick Wilson,Corporate,United States,Detroit,Michigan,48234,Central,FUR-CH-10004086,Furniture,Chairs,Hon 4070 Series Pagoda Armless Upholstered Stacking Chairs,1458.65,5,0,423.01,May,2026,26-May,29.00%,Profitable,High
7594,US-2026-133865,5/8/2026,5/12/2026,Standard Class,PS-19045,Penelope Sewall,Home Office,United States,Los Angeles,California,90032,West,TEC-CO-10001046,Technology,Copiers,Canon Imageclass D680 Copier / Fax,3359.95,6,0.2,1049.99,May,2026,26-May,31.30%,Profitable,High
7627,US-2026-149048,5/13/2026,5/17/2026,Standard Class,BM-11650,Brian Moss,Corporate,United States,Columbus,Indiana,47201,Central,OFF-BI-10004632,Office Supplies,Binders,Ibico Hi-Tech Manual Binding System,914.97,3,0,411.74,May,2026,26-May,45.00%,Profitable,High
7631,US-2026-149048,5/13/2026,5/17/2026,Standard Class,BM-11650,Brian Moss,Corporate,United States,Columbus,Indiana,47201,Central,OFF-ST-10000078,Office Supplies,Storage,Tennsco 6- and 18-Compartment Lockers,530.34,2,0,95.46,May,2026,26-May,18.00%,Profitable,High
7632,US-2026-149048,5/13/2026,5/17/2026,Standard Class,BM-11650,Brian Moss,Corporate,United States,Columbus,Indiana,47201,Central,TEC-PH-10002310,Technology,Phones,Plantronics Calisto P620-M USB Wireless Speakerphone System,587.97,3,0,158.75,May,2026,26-May,27.00%,Profitable,High
7634,US-2026-161774,5/14/2026,5/15/2026,First Class,GT-14710,Greg Tran,Consumer,United States,Houston,Texas,77041,Central,FUR-CH-10003981,Furniture,Chairs,Global Commerce Series Low-Back Swivel/Tilt Chairs,899.43,5,0.3,-12.85,May,2026,26-May,-1.40%,Loss,High
7650,US-2026-143686,5/14/2026,5/14/2026,Same Day,PJ-19015,Pauline Johnson,Consumer,United States,Santa Ana,California,92704,West,TEC-AC-10001838,Technology,Accessories,Razer Tiamat Over Ear 7.1 Surround Sound PC Gaming Headset,1399.93,7,0,601.97,May,2026,26-May,43.00%,Profitable,High
7652,US-2026-115546,5/14/2026,5/18/2026,Standard Class,AH-10465,Amy Hunt,Consumer,United States,New York City,New York,10035,East,TEC-PH-10002834,Technology,Phones,Google Nexus 5,539.97,3,0,134.99,May,2026,26-May,25.00%,Profitable,High
7667,US-2026-117401,5/18/2026,5/22/2026,Second Class,PP-18955,Paul Prost,Home Office,United States,Springfield,Missouri,65807,Central,OFF-AP-10000938,Office Supplies,Appliances,Avanti 1.7 Cu. Ft. Refrigerator,706.86,7,0,197.92,May,2026,26-May,28.00%,Profitable,High
7681,US-2026-138975,5/19/2026,5/23/2026,Standard Class,SC-20380,Shahid Collister,Consumer,United States,Atlanta,Georgia,30318,South,FUR-BO-10004695,Furniture,Bookcases,O'Sullivan 2-Door Barrister Bookcase in Odessa Pine,1628.82,9,0,374.63,May,2026,26-May,23.00%,Profitable,High
7683,US-2026-113530,5/19/2026,5/21/2026,Second Class,BC-11125,Becky Castell,Home Office,United States,San Francisco,California,94109,West,FUR-CH-10002647,Furniture,Chairs,"Situations Contoured Folding Chairs, 4/Set",681.41,12,0.2,42.59,May,2026,26-May,6.30%,Profitable,High
7701,US-2026-166695,5/20/2026,5/24/2026,Standard Class,CC-12430,Chuck Clark,Home Office,United States,Lakewood,California,90712,West,FUR-CH-10000225,Furniture,Chairs,"Global Geo Office Task Chair, Gray",518.27,8,0.2,-97.18,May,2026,26-May,-18.80%,Loss,High
7710,US-2026-111332,5/20/2026,5/22/2026,Second Class,NC-18340,Nat Carroll,Consumer,United States,Fargo,North Dakota,58103,Central,OFF-ST-10003816,Office Supplies,Storage,Fellowes High-Stak Drawer Files,704.76,4,0,162.09,May,2026,26-May,23.00%,Profitable,High
7712,US-2026-166688,5/20/2026,5/26/2026,Standard Class,RD-19480,Rick Duston,Consumer,United States,Las Vegas,Nevada,89115,West,TEC-PH-10004094,Technology,Phones,Motorola L703CM,1123.13,9,0.2,70.2,May,2026,26-May,6.30%,Profitable,High
7713,CA-2026-166695,5/20/2026,5/24/2026,Standard Class,CC-12430,Chuck Clark,Home Office,Canada,Vancouver,British Columbia,V6Z,West,FUR-CH-10000225,Furniture,Chairs,"Global Geo Office Task Chair, Gray",518.27,8,0.2,-97.18,May,2026,26-May,-18.80%,Loss,High
7716,US-2026-167899,5/21/2026,5/26/2026,Standard Class,JG-15805,John Grady,Corporate,United States,Auburn,New York,13021,East,FUR-FU-10004071,Furniture,Furnishings,Luxo Professional Magnifying Clamp-On Fluorescent Lamps,520.05,5,0,72.81,May,2026,26-May,14.00%,Profitable,High
7732,US-2026-120168,5/25/2026,5/25/2026,Same Day,TB-21625,Trudy Brown,Consumer,United States,New York City,New York,10009,East,OFF-BI-10004519,Office Supplies,Binders,GBC DocuBind P100 Manual Binding Machine,663.92,5,0.2,207.48,May,2026,26-May,31.30%,Profitable,High
7749,US-2026-132297,5/27/2026,6/2/2026,Standard Class,DW-13480,Dianna Wilson,Home Office,United States,Louisville,Kentucky,40214,South,TEC-PH-10002834,Technology,Phones,Google Nexus 5,539.97,3,0,134.99,May,2026,26-May,25.00%,Profitable,High
7780,US-2026-121559,6/1/2026,6/3/2026,Second Class,HW-14935,Helen Wasserman,Corporate,United States,Indianapolis,Indiana,46203,Central,FUR-CH-10003746,Furniture,Chairs,Hon 4070 Series Pagoda Round Back Stacking Chairs,1925.88,6,0,539.25,Jun,2026,26-Jun,28.00%,Profitable,High
7782,US-2026-121559,6/1/2026,6/3/2026,Second Class,HW-14935,Helen Wasserman,Corporate,United States,Indianapolis,Indiana,46203,Central,OFF-AP-10002945,Office Supplies,Appliances,Honeywell Enviracaire Portable HEPA Air Cleaner for 17' x 22' Room,2405.2,8,0,793.72,Jun,2026,26-Jun,33.00%,Profitable,High
7811,US-2026-150420,6/3/2026,6/8/2026,Standard Class,GD-14590,Giulietta Dortch,Corporate,United States,Bellingham,Washington,98226,West,TEC-AC-10004975,Technology,Accessories,Plantronics Audio 995 Wireless Stereo Headset,1099.5,10,0,362.84,Jun,2026,26-Jun,33.00%,Profitable,High
7813,US-2026-140872,6/3/2026,6/10/2026,Standard Class,NR-18550,Nick Radford,Consumer,United States,Pembroke Pines,Florida,33024,South,TEC-PH-10000441,Technology,Phones,VTech DS6151,503.96,5,0.2,50.4,Jun,2026,26-Jun,10.00%,Profitable,High
7826,US-2026-109316,6/8/2026,6/10/2026,First Class,MG-17680,Maureen Gastineau,Home Office,United States,Los Angeles,California,90049,West,FUR-BO-10004834,Furniture,Bookcases,"Riverside Palais Royal Lawyers Bookcase, Royale Cherry Finish",1497.67,2,0.15,140.96,Jun,2026,26-Jun,9.40%,Profitable,High
7841,US-2026-100951,6/9/2026,6/10/2026,First Class,NC-18625,Noah Childs,Corporate,United States,Dallas,Texas,75217,Central,OFF-ST-10001496,Office Supplies,Storage,Standard Rollaway File with Lock,720.76,5,0.2,54.06,Jun,2026,26-Jun,7.50%,Profitable,High
7842,US-2026-140963,6/10/2026,6/13/2026,First Class,MT-18070,Michelle Tran,Home Office,United States,Los Angeles,California,90045,West,FUR-BO-10001337,Furniture,Bookcases,O'Sullivan Living Dimensions 2-Shelf Bookcases,514.17,5,0.15,-30.25,Jun,2026,26-Jun,-5.90%,Loss,High
7851,US-2026-107167,6/10/2026,6/14/2026,Standard Class,ND-18460,Neil Ducich,Corporate,United States,Jacksonville,Florida,32216,South,OFF-ST-10003805,Office Supplies,Storage,"24 Capacity Maxi Data Binder Racks, Pearl",1347.52,8,0.2,84.22,Jun,2026,26-Jun,6.20%,Profitable,High
7869,US-2026-108441,6/12/2026,6/18/2026,Standard Class,SB-20170,Sarah Bern,Consumer,United States,New York City,New York,10035,East,FUR-CH-10000595,Furniture,Chairs,Safco Contoured Stacking Chairs,858.24,4,0.1,143.04,Jun,2026,26-Jun,16.70%,Profitable,High
7886,US-2026-126914,6/15/2026,6/19/2026,Standard Class,JE-15715,Joe Elijah,Consumer,United States,Monroe,North Carolina,28110,South,FUR-CH-10000847,Furniture,Chairs,Global Executive Mid-Back Manager's Chair,698.35,3,0.2,52.38,Jun,2026,26-Jun,7.50%,Profitable,High
7897,US-2026-119284,6/15/2026,6/20/2026,Standard Class,TS-21205,Thomas Seio,Corporate,United States,Nashville,Tennessee,37211,South,TEC-PH-10000560,Technology,Phones,Samsung Galaxy S III - 16GB - pebble blue (T-Mobile),2239.94,8,0.2,223.99,Jun,2026,26-Jun,10.00%,Profitable,High
7901,US-2026-105214,6/16/2026,6/19/2026,First Class,TS-21610,Troy Staebel,Consumer,United States,San Francisco,California,94122,West,FUR-CH-10000015,Furniture,Chairs,Hon Multipurpose Stacking Arm Chairs,1212.96,7,0.2,90.97,Jun,2026,26-Jun,7.50%,Profitable,High
7922,US-2026-165323,6/17/2026,6/21/2026,Standard Class,SR-20740,Steven Roelle,Home Office,United States,New York City,New York,10024,East,TEC-MA-10003673,Technology,Machines,Hewlett-Packard Desktjet 6988DT Refurbished Printer,3404.5,5,0,1668.21,Jun,2026,26-Jun,49.00%,Profitable,High
7923,US-2026-112753,6/18/2026,6/23/2026,Standard Class,CC-12670,Craig Carreira,Consumer,United States,Los Angeles,California,90032,West,FUR-BO-10004015,Furniture,Bookcases,"Bush Andora Bookcase, Maple/Graphite Gray Finish",917.92,9,0.15,75.59,Jun,2026,26-Jun,8.20%,Profitable,High
7927,US-2026-128944,6/19/2026,6/21/2026,Second Class,KH-16330,Katharine Harms,Corporate,United States,Newark,Ohio,43055,East,FUR-CH-10000785,Furniture,Chairs,Global Ergonomic Managers Chair,760.12,6,0.3,-43.44,Jun,2026,26-Jun,-5.70%,Loss,High
7951,US-2026-135986,6/20/2026,6/27/2026,Standard Class,PG-18895,Paul Gonzalez,Consumer,United States,Richmond,Virginia,23223,South,TEC-PH-10003691,Technology,Phones,BlackBerry Q10,503.96,4,0,125.99,Jun,2026,26-Jun,25.00%,Profitable,High
7974,US-2026-124821,6/25/2026,6/29/2026,Second Class,AM-10705,Anne McFarland,Consumer,United States,Seattle,Washington,98115,West,FUR-TA-10000688,Furniture,Tables,"Chromcraft Bull-Nose Wood Round Conference Table Top, Wood Base",871.4,4,0,148.14,Jun,2026,26-Jun,17.00%,Profitable,High
7980,US-2026-157091,6/26/2026,7/1/2026,Standard Class,DB-13405,Denny Blanton,Consumer,United States,La Porte,Indiana,46350,Central,FUR-FU-10000293,Furniture,Furnishings,Eldon Antistatic Chair Mats for Low to Medium Pile Carpets,526.45,5,0,31.59,Jun,2026,26-Jun,6.00%,Profitable,High
7986,US-2026-107132,6/26/2026,6/30/2026,Standard Class,SC-20260,Scott Cohen,Corporate,United States,New York City,New York,10009,East,OFF-ST-10001490,Office Supplies,Storage,"Hot File 7-Pocket, Floor Stand",713.88,4,0,214.16,Jun,2026,26-Jun,30.00%,Profitable,High
7991,US-2026-161410,6/26/2026,7/3/2026,Standard Class,CC-12220,Chris Cortes,Consumer,United States,Philadelphia,Pennsylvania,19143,East,TEC-PH-10000673,Technology,Phones,Plantronics Voyager Pro HD - Bluetooth Headset,545.92,14,0.4,72.79,Jun,2026,26-Jun,13.30%,Profitable,High
7994,US-2026-133256,6/26/2026,6/27/2026,First Class,TH-21550,Tracy Hopkins,Home Office,United States,Detroit,Michigan,48227,Central,TEC-PH-10002660,Technology,Phones,Nortel Networks T7316 E Nt8 B27,543.92,8,0,135.98,Jun,2026,26-Jun,25.00%,Profitable,High
7999,US-2026-116988,6/27/2026,6/29/2026,Second Class,PW-19030,Pauline Webber,Corporate,United States,Seattle,Washington,98105,West,TEC-AC-10003832,Technology,Accessories,Logitech P710e Mobile Speakerphone,1287.45,5,0,244.62,Jun,2026,26-Jun,19.00%,Profitable,High
8001,US-2026-143574,6/29/2026,7/2/2026,First Class,DR-12880,Dan Reichenbach,Corporate,United States,Milford,Connecticut,6460,East,FUR-BO-10002598,Furniture,Bookcases,"Hon Metal Bookcases, Putty",638.82,9,0,185.26,Jun,2026,26-Jun,29.00%,Profitable,High
8008,US-2026-138149,6/29/2026,6/30/2026,First Class,WB-21850,William Brown,Consumer,United States,Los Angeles,California,90049,West,OFF-BI-10003091,Office Supplies,Binders,GBC DocuBind TL200 Manual Binding Machine,895.92,5,0.2,302.37,Jun,2026,26-Jun,33.80%,Profitable,High
8011,US-2026-100650,6/29/2026,7/3/2026,Second Class,DK-13225,Dean Katz,Corporate,United States,Anaheim,California,92804,West,OFF-ST-10001780,Office Supplies,Storage,Tennsco 16-Compartment Lockers with Coat Rack,1295.78,2,0,310.99,Jun,2026,26-Jun,24.00%,Profitable,High
8016,US-2026-163006,6/30/2026,7/4/2026,Second Class,GH-14410,Gary Hansen,Home Office,United States,Chicago,Illinois,60653,Central,FUR-CH-10000229,Furniture,Chairs,Global Enterprise Series Seating High-Back Swivel/Tilt Chairs,569.06,3,0.3,-178.85,Jun,2026,26-Jun,-31.40%,Loss,High
8020,US-2026-102890,6/30/2026,6/30/2026,Same Day,SG-20470,Sheri Gordon,Consumer,United States,New York City,New York,10011,East,FUR-TA-10000577,Furniture,Tables,Bretford CR4500 Series Slim Rectangular Table,1044.63,5,0.4,-295.98,Jun,2026,26-Jun,-28.30%,Loss,High
8024,US-2026-164112,6/30/2026,7/4/2026,Standard Class,ND-18460,Neil Ducich,Corporate,United States,Mount Vernon,New York,10550,East,OFF-ST-10002615,Office Supplies,Storage,"Dual Level, Single-Width Filing Carts",1085.42,7,0,282.21,Jun,2026,26-Jun,26.00%,Profitable,High
8025,US-2026-163006,6/30/2026,7/4/2026,Second Class,GH-14410,Gary Hansen,Home Office,United States,Chicago,Illinois,60653,Central,TEC-PH-10002584,Technology,Phones,Samsung Galaxy S4,1001.58,2,0.2,125.2,Jun,2026,26-Jun,12.50%,Profitable,High
8033,US-2026-140053,7/3/2026,7/10/2026,Standard Class,CA-12265,Christina Anderson,Consumer,United States,Farmington,New Mexico,87401,West,FUR-FU-10003708,Furniture,Furnishings,"Tenex Traditional Chairmats for Medium Pile Carpet, Standard Lip, 36"" x 48""",545.85,9,0,114.63,Jul,2026,26-Jul,21.00%,Profitable,High
8042,US-2026-168109,7/3/2026,7/3/2026,Same Day,JK-15640,Jim Kriz,Home Office,United States,Seattle,Washington,98105,West,TEC-AC-10002049,Technology,Accessories,Plantronics Savi W720 Multi-Device Wireless Headset System,1687.8,4,0,742.63,Jul,2026,26-Jul,44.00%,Profitable,High
8046,US-2026-168109,7/3/2026,7/3/2026,Same Day,JK-15640,Jim Kriz,Home Office,United States,Seattle,Washington,98105,West,TEC-MA-10001148,Technology,Machines,Okidata MB491 Multifunction Printer,2395.2,6,0.2,209.58,Jul,2026,26-Jul,8.80%,Profitable,High
8047,US-2026-121503,7/3/2026,7/6/2026,Second Class,FH-14275,Frank Hawley,Corporate,United States,Houston,Texas,77041,Central,TEC-MA-10003674,Technology,Machines,Hewlett-Packard Deskjet 5550 Printer,597.13,3,0.4,49.76,Jul,2026,26-Jul,8.30%,Profitable,High
8067,US-2026-169551,7/7/2026,7/9/2026,First Class,RL-19615,Rob Lucas,Consumer,United States,Philadelphia,Pennsylvania,19120,East,TEC-AC-10003033,Technology,Accessories,Plantronics CS510 - Over-the-Head monaural Wireless Headset System,527.92,2,0.2,85.79,Jul,2026,26-Jul,16.30%,Profitable,High
8069,US-2026-169551,7/7/2026,7/9/2026,First Class,RL-19615,Rob Lucas,Consumer,United States,Philadelphia,Pennsylvania,19120,East,TEC-PH-10001363,Technology,Phones,Apple iPhone 5S,683.99,2,0.4,-114,Jul,2026,26-Jul,-16.70%,Loss,High
8084,US-2026-108560,7/8/2026,7/15/2026,Standard Class,JC-15385,Jenna Caffey,Consumer,United States,Kent,Washington,98031,West,OFF-LA-10003930,Office Supplies,Labels,"Dot Matrix Printer Tape Reel Labels, White, 5000/Box",786.48,8,0,385.38,Jul,2026,26-Jul,49.00%,Profitable,High
8089,CA-2026-112109,7/8/2026,7/12/2026,Standard Class,JE-15715,Joe Elijah,Consumer,Canada,Winnipeg,Manitoba,R0H,Central,FUR-CH-10004287,Furniture,Chairs,SAFCO Arco Folding Chair,662.88,3,0.2,74.57,Jul,2026,26-Jul,11.20%,Profitable,High
8093,US-2026-145128,7/9/2026,7/14/2026,Standard Class,SM-20320,Sean Miller,Home Office,United States,Lafayette,Indiana,47905,Central,FUR-FU-10000293,Furniture,Furnishings,Eldon Antistatic Chair Mats for Low to Medium Pile Carpets,526.45,5,0,31.59,Jul,2026,26-Jul,6.00%,Profitable,High
8110,US-2026-162015,7/11/2026,7/18/2026,Standard Class,KB-16240,Karen Bern,Corporate,United States,Los Angeles,California,90049,West,TEC-AC-10003832,Technology,Accessories,Logitech P710e Mobile Speakerphone,1287.45,5,0,244.62,Jul,2026,26-Jul,19.00%,Profitable,High
8128,US-2026-161935,7/14/2026,7/18/2026,Standard Class,JL-15835,John Lee,Consumer,United States,Columbus,Ohio,43229,East,TEC-PH-10000560,Technology,Phones,Samsung Galaxy S III - 16GB - pebble blue (T-Mobile),1889.95,9,0.4,-377.99,Jul,2026,26-Jul,-20.00%,Loss,High
8130,US-2026-164378,7/15/2026,7/18/2026,Second Class,MM-18055,Michelle Moray,Consumer,United States,New York City,New York,10024,East,FUR-CH-10002084,Furniture,Chairs,Hon Mobius Operator's Chair,664.15,6,0.1,88.55,Jul,2026,26-Jul,13.30%,Profitable,High
8131,US-2026-128951,7/15/2026,7/17/2026,First Class,RS-19420,Ricardo Sperren,Corporate,United States,Suffolk,Virginia,23434,South,FUR-TA-10004575,Furniture,Tables,Hon 5100 Series Wood Tables,872.94,3,0,157.13,Jul,2026,26-Jul,18.00%,Profitable,High
8143,US-2026-142342,7/17/2026,7/19/2026,Second Class,AJ-10795,Anthony Johnson,Corporate,United States,Apple Valley,California,92307,West,FUR-BO-10002613,Furniture,Bookcases,"Atlantic Metals Mobile 4-Shelf Bookcases, Custom Colors",1194.17,5,0.15,210.74,Jul,2026,26-Jul,17.60%,Profitable,High
8155,US-2026-142573,7/18/2026,7/23/2026,Standard Class,ML-17410,Maris LaWare,Consumer,United States,Phoenix,Arizona,85023,West,FUR-TA-10001932,Furniture,Tables,"Chromcraft 48"" x 96"" Racetrack Double Pedestal Table",801.6,5,0.5,-448.9,Jul,2026,26-Jul,-56.00%,Loss,High
8159,US-2026-165358,7/18/2026,7/23/2026,Standard Class,SV-20365,Seth Vernon,Consumer,United States,Philadelphia,Pennsylvania,19134,East,TEC-CO-10001943,Technology,Copiers,Canon PC-428 Personal Copier,599.97,5,0.4,70,Jul,2026,26-Jul,11.70%,Profitable,High
8167,US-2026-150497,7/20/2026,7/24/2026,Standard Class,SM-20950,Suzanne McNair,Corporate,United States,Maple Grove,Minnesota,55369,Central,OFF-BI-10004600,Office Supplies,Binders,Ibico Ibimaster 300 Manual Binding System,735.98,2,0,331.19,Jul,2026,26-Jul,45.00%,Profitable,High
8191,US-2026-118724,7/21/2026,7/25/2026,Second Class,AR-10825,Anthony Rawles,Corporate,United States,Concord,California,94521,West,TEC-PH-10002549,Technology,Phones,Polycom SoundPoint IP 450 VoIP phone,1626.19,9,0.2,121.96,Jul,2026,26-Jul,7.50%,Profitable,High
8195,US-2026-106551,7/22/2026,7/27/2026,Standard Class,EB-13930,Eric Barreto,Consumer,United States,Chicago,Illinois,60653,Central,FUR-CH-10004997,Furniture,Chairs,Hon Every-Day Series Multi-Task Chairs,526.34,4,0.3,-75.19,Jul,2026,26-Jul,-14.30%,Loss,High
8207,US-2026-135013,7/24/2026,7/24/2026,Same Day,HR-14830,Harold Ryan,Corporate,United States,Huntington Beach,California,92646,West,TEC-CO-10001449,Technology,Copiers,Hewlett Packard LaserJet 3310 Copier,2399.96,5,0.2,839.99,Jul,2026,26-Jul,35.00%,Profitable,High
8217,US-2026-167318,7/26/2026,8/1/2026,Standard Class,GZ-14545,George Zrebassa,Corporate,United States,Los Angeles,California,90036,West,TEC-AC-10003870,Technology,Accessories,Logitech Z-906 Speaker sys - home theater - 5.1-CH,1649.95,5,0,659.98,Jul,2026,26-Jul,40.00%,Profitable,High
8225,US-2026-108791,7/27/2026,7/31/2026,Standard Class,TM-21490,Tony Molinari,Consumer,United States,Yonkers,New York,10701,East,TEC-PH-10002660,Technology,Phones,Nortel Networks T7316 E Nt8 B27,543.92,8,0,135.98,Jul,2026,26-Jul,25.00%,Profitable,High
8228,US-2026-130841,7/28/2026,8/1/2026,Standard Class,MH-17620,Matt Hagelstein,Corporate,United States,San Francisco,California,94110,West,TEC-PH-10001817,Technology,Phones,Wilson Electronics DB Pro Signal Booster,1145.6,4,0.2,100.24,Jul,2026,26-Jul,8.80%,Profitable,High
8249,US-2026-147032,7/31/2026,8/4/2026,Standard Class,LB-16795,Laurel Beltran,Home Office,United States,Wilmington,Delaware,19805,East,OFF-BI-10003656,Office Supplies,Binders,Fellowes PB200 Plastic Comb Binding Machine,849.95,5,0,390.98,Jul,2026,26-Jul,46.00%,Profitable,High
8259,US-2026-162691,8/1/2026,8/7/2026,Standard Class,AS-10045,Aaron Smayling,Corporate,United States,Austin,Texas,78745,Central,TEC-MA-10000488,Technology,Machines,Bady BDG101FRU Card Printer,1439.98,3,0.4,-264,Aug,2026,26-Aug,-18.30%,Loss,High
8283,US-2026-151981,8/6/2026,8/12/2026,Standard Class,GM-14455,Gary Mitchum,Home Office,United States,Concord,New Hampshire,3301,East,TEC-PH-10003601,Technology,Phones,"Ativa D5772 2-Line 5.8GHz Digital Expandable Corded/Cordless Phone System with Answering & Caller ID/Call Waiting, Black/Silver",824.95,5,0,247.49,Aug,2026,26-Aug,30.00%,Profitable,High
8286,US-2026-156776,8/7/2026,8/11/2026,Standard Class,JL-15505,Jeremy Lonsdale,Consumer,United States,Westminster,California,92683,West,OFF-AP-10002534,Office Supplies,Appliances,3.6 Cubic Foot Counter Height Office Refrigerator,1473.1,5,0,412.47,Aug,2026,26-Aug,28.00%,Profitable,High
8300,US-2026-156776,8/7/2026,8/11/2026,Standard Class,JL-15505,Jeremy Lonsdale,Consumer,United States,Westminster,California,92683,West,TEC-PH-10002415,Technology,Phones,Polycom VoiceStation 500 Conference phone,707.88,3,0.2,44.24,Aug,2026,26-Aug,6.30%,Profitable,High
8307,US-2026-143063,8/10/2026,8/15/2026,Standard Class,IL-15100,Ivan Liston,Consumer,United States,Columbus,Indiana,47201,Central,TEC-PH-10003645,Technology,Phones,Aastra 57i VoIP phone,1454.49,9,0,378.17,Aug,2026,26-Aug,26.00%,Profitable,High
8314,US-2026-118941,8/12/2026,8/12/2026,Same Day,BB-11545,Brenda Bowman,Corporate,United States,Columbia,Maryland,21044,East,FUR-CH-10002331,Furniture,Chairs,Hon 4700 Series Mobuis Mid-Back Task Chairs with Adjustable Arms,1779.9,5,0,373.78,Aug,2026,26-Aug,21.00%,Profitable,High
8316,US-2026-158169,8/12/2026,8/15/2026,First Class,JM-16195,Justin MacKendrick,Consumer,United States,Lake Forest,California,92630,West,OFF-AP-10000828,Office Supplies,Appliances,Avanti 4.4 Cu. Ft. Refrigerator,542.94,3,0,152.02,Aug,2026,26-Aug,28.00%,Profitable,High
8332,US-2026-128363,8/13/2026,8/18/2026,Standard Class,DC-12850,Dan Campbell,Consumer,United States,Memphis,Tennessee,38109,South,OFF-BI-10001359,Office Supplies,Binders,GBC DocuBind TL300 Electric Binding System,1614.58,6,0.7,-1237.85,Aug,2026,26-Aug,-76.70%,Loss,High
8344,US-2026-117723,8/15/2026,8/18/2026,Second Class,DL-13495,Dionis Lloyd,Corporate,United States,Philadelphia,Pennsylvania,19120,East,OFF-ST-10004459,Office Supplies,Storage,Tennsco Single-Tier Lockers,1801.63,6,0.2,-337.81,Aug,2026,26-Aug,-18.80%,Loss,High
8348,US-2026-118892,8/17/2026,8/22/2026,Second Class,TP-21415,Tom Prescott,Consumer,United States,Philadelphia,Pennsylvania,19134,East,FUR-CH-10002024,Furniture,Chairs,HON 5400 Series Task Chairs for Big and Tall,4416.17,9,0.3,-630.88,Aug,2026,26-Aug,-14.30%,Loss,High
8351,US-2026-166093,8/17/2026,8/24/2026,Standard Class,RW-19540,Rick Wilson,Corporate,United States,Brentwood,California,94513,West,OFF-AP-10001058,Office Supplies,Appliances,Sanyo 2.5 Cubic Foot Mid-Size Office Refrigerators,2518.29,9,0,654.76,Aug,2026,26-Aug,26.00%,Profitable,High
8356,US-2026-111423,8/17/2026,8/19/2026,First Class,EH-13765,Edward Hooks,Corporate,United States,Watertown,New York,13601,East,OFF-BI-10003091,Office Supplies,Binders,GBC DocuBind TL200 Manual Binding Machine,895.92,5,0.2,302.37,Aug,2026,26-Aug,33.80%,Profitable,High
8360,US-2026-166093,8/17/2026,8/24/2026,Standard Class,RW-19540,Rick Wilson,Corporate,United States,Brentwood,California,94513,West,OFF-ST-10001496,Office Supplies,Storage,Standard Rollaway File with Lock,540.57,3,0,140.55,Aug,2026,26-Aug,26.00%,Profitable,High
8372,US-2026-119809,8/18/2026,8/25/2026,Standard Class,YS-21880,Yana Sorensen,Corporate,United States,Seattle,Washington,98103,West,OFF-BI-10003925,Office Supplies,Binders,Fellowes PB300 Plastic Comb Binding Machine,2793.53,9,0.2,942.82,Aug,2026,26-Aug,33.80%,Profitable,High
8376,US-2026-119809,8/18/2026,8/25/2026,Standard Class,YS-21880,Yana Sorensen,Corporate,United States,Seattle,Washington,98103,West,OFF-ST-10003306,Office Supplies,Storage,Letter Size Cart,1000.02,7,0,290.01,Aug,2026,26-Aug,29.00%,Profitable,High
8377,US-2026-121027,8/18/2026,8/22/2026,Standard Class,HW-14935,Helen Wasserman,Corporate,United States,Seattle,Washington,98105,West,TEC-AC-10002049,Technology,Accessories,Plantronics Savi W720 Multi-Device Wireless Headset System,843.9,2,0,371.32,Aug,2026,26-Aug,44.00%,Profitable,High
8378,US-2026-121027,8/18/2026,8/22/2026,Standard Class,HW-14935,Helen Wasserman,Corporate,United States,Seattle,Washington,98105,West,TEC-AC-10002253,Technology,Accessories,Imation Bio 8GB USB Flash Drive Imation Corp,1496.16,9,0,224.42,Aug,2026,26-Aug,15.00%,Profitable,High
8394,US-2026-155705,8/21/2026,8/23/2026,Second Class,NF-18385,Natalie Fritzler,Consumer,United States,Jackson,Mississippi,39212,South,FUR-CH-10000015,Furniture,Chairs,Hon Multipurpose Stacking Arm Chairs,866.4,4,0,225.26,Aug,2026,26-Aug,26.00%,Profitable,High
8400,US-2026-109253,8/21/2026,8/22/2026,First Class,PR-18880,Patrick Ryan,Consumer,United States,Oakland,California,94601,West,FUR-TA-10001539,Furniture,Tables,Chromcraft Rectangular Conference Tables,568.73,3,0.2,28.44,Aug,2026,26-Aug,5.00%,Profitable,High
8404,US-2026-102183,8/21/2026,8/28/2026,Standard Class,PK-19075,Pete Kriz,Consumer,United States,New York City,New York,10035,East,OFF-BI-10001359,Office Supplies,Binders,GBC DocuBind TL300 Electric Binding System,4305.55,6,0.2,1453.12,Aug,2026,26-Aug,33.80%,Profitable,High
8412,US-2026-121489,8/21/2026,8/25/2026,Second Class,CM-11815,Candace McMahon,Corporate,United States,Seattle,Washington,98115,West,OFF-ST-10000025,Office Supplies,Storage,Fellowes Stor/Drawer Steel Plus Storage Drawers,572.58,6,0,34.35,Aug,2026,26-Aug,6.00%,Profitable,High
8423,US-2026-129021,8/23/2026,8/26/2026,Second Class,PO-18850,Patrick O'Brill,Consumer,United States,Tallahassee,Florida,32303,South,TEC-PH-10001459,Technology,Phones,Samsung Galaxy Mega 6.3,4367.9,13,0.2,327.59,Aug,2026,26-Aug,7.50%,Profitable,High
8424,US-2026-139717,8/24/2026,8/26/2026,Second Class,DM-13015,Darrin Martin,Consumer,United States,Lancaster,Ohio,43130,East,OFF-AP-10000938,Office Supplies,Appliances,Avanti 1.7 Cu. Ft. Refrigerator,646.27,8,0.2,64.63,Aug,2026,26-Aug,10.00%,Profitable,High
8439,US-2026-134481,8/27/2026,9/1/2026,Standard Class,AR-10405,Allen Rosenblatt,Corporate,United States,Franklin,Massachusetts,2038,East,FUR-TA-10004915,Furniture,Tables,"Office Impressions End Table, 20-1/2""H x 24""W x 20""D",1488.42,7,0.3,-297.68,Aug,2026,26-Aug,-20.00%,Loss,High
8443,US-2026-161956,8/27/2026,8/29/2026,Second Class,DR-12880,Dan Reichenbach,Corporate,United States,Inglewood,California,90301,West,OFF-BI-10003650,Office Supplies,Binders,GBC DocuBind 300 Electric Binding Machine,841.57,2,0.2,294.55,Aug,2026,26-Aug,35.00%,Profitable,High
8452,US-2026-130036,8/27/2026,8/27/2026,Same Day,BP-11185,Ben Peterman,Corporate,United States,Philadelphia,Pennsylvania,19120,East,TEC-AC-10001908,Technology,Accessories,Logitech Wireless Headset h800,1119.89,14,0.2,209.98,Aug,2026,26-Aug,18.80%,Profitable,High
8453,US-2026-161956,8/27/2026,8/29/2026,Second Class,DR-12880,Dan Reichenbach,Corporate,United States,Inglewood,California,90301,West,TEC-CO-10001571,Technology,Copiers,Sharp 1540cs Digital Laser Copier,879.98,2,0.2,329.99,Aug,2026,26-Aug,37.50%,Profitable,High
8455,US-2026-126067,8/28/2026,9/3/2026,Standard Class,KN-16705,Kristina Nunn,Home Office,United States,Seattle,Washington,98105,West,FUR-TA-10000617,Furniture,Tables,"Hon Practical Foundations 30 x 60 Training Table, Light Gray/Charcoal",1137.75,5,0,250.31,Aug,2026,26-Aug,22.00%,Profitable,High
8468,US-2026-154074,8/31/2026,9/2/2026,Second Class,BW-11110,Bart Watters,Corporate,United States,Spokane,Washington,99207,West,FUR-CH-10002331,Furniture,Chairs,Hon 4700 Series Mobuis Mid-Back Task Chairs with Adjustable Arms,569.57,2,0.2,7.12,Aug,2026,26-Aug,1.20%,Profitable,High
8469,US-2026-133004,8/31/2026,9/5/2026,Standard Class,AJ-10945,Ashley Jarboe,Consumer,United States,Lawrence,Indiana,46226,Central,OFF-AP-10002439,Office Supplies,Appliances,Tripp Lite Isotel 8 Ultra 8 Outlet Metal Surge,638.73,9,0,166.07,Aug,2026,26-Aug,26.00%,Profitable,High
8477,US-2026-117198,8/31/2026,9/5/2026,Standard Class,BG-11035,Barry Gonzalez,Consumer,United States,Monroe,Louisiana,71203,South,TEC-AC-10003033,Technology,Accessories,Plantronics CS510 - Over-the-Head monaural Wireless Headset System,659.9,2,0,217.77,Aug,2026,26-Aug,33.00%,Profitable,High
8478,US-2026-107321,8/31/2026,9/4/2026,Standard Class,AW-10930,Arthur Wiediger,Home Office,United States,San Francisco,California,94110,West,TEC-PH-10002200,Technology,Phones,Aastra 6757i CT Wireless VoIP phone,689.41,4,0.2,77.56,Aug,2026,26-Aug,11.30%,Profitable,High
8479,US-2026-145653,9/1/2026,9/1/2026,Same Day,CA-12775,Cynthia Arntzen,Consumer,United States,Detroit,Michigan,48205,Central,FUR-CH-10004875,Furniture,Chairs,Harbour Creations 67200 Series Stacking Chairs,498.26,7,0,134.53,Sep,2026,26-Sep,27.00%,Profitable,Medium
8487,US-2026-157987,9/2/2026,9/6/2026,Standard Class,AC-10615,Ann Chong,Corporate,United States,New York City,New York,10009,East,FUR-CH-10003379,Furniture,Chairs,Global Commerce Series High-Back Swivel/Tilt Chairs,1282.41,5,0.1,213.74,Sep,2026,26-Sep,16.70%,Profitable,High
8490,US-2026-169327,9/2/2026,9/4/2026,Second Class,MH-17290,Marc Harrigan,Home Office,United States,Los Angeles,California,90008,West,FUR-FU-10004188,Furniture,Furnishings,Luxo Professional Combination Clamp-On Lamps,511.5,5,0,132.99,Sep,2026,26-Sep,26.00%,Profitable,High
8501,US-2026-146983,9/2/2026,9/6/2026,Standard Class,AH-10210,Alan Hwang,Consumer,United States,Henderson,Kentucky,42420,South,OFF-BI-10003650,Office Supplies,Binders,GBC DocuBind 300 Electric Binding Machine,1577.94,3,0,757.41,Sep,2026,26-Sep,48.00%,Profitable,High
8518,US-2026-137596,9/2/2026,9/7/2026,Standard Class,BE-11335,Bill Eplett,Home Office,United States,Jackson,Michigan,49201,Central,TEC-AC-10004666,Technology,Accessories,Maxell iVDR EX 500GB Cartridge,1928.78,7,0,829.38,Sep,2026,26-Sep,43.00%,Profitable,High
8519,US-2026-137596,9/2/2026,9/7/2026,Standard Class,BE-11335,Bill Eplett,Home Office,United States,Jackson,Michigan,49201,Central,TEC-PH-10001494,Technology,Phones,Polycom CX600 IP Phone VoIP phone,1199.8,4,0,323.95,Sep,2026,26-Sep,27.00%,Profitable,High
8535,US-2026-140326,9/4/2026,9/6/2026,First Class,HW-14935,Helen Wasserman,Corporate,United States,Chicago,Illinois,60653,Central,FUR-BO-10000112,Furniture,Bookcases,"Bush Birmingham Collection Bookcase, Dark Cherry",825.17,9,0.3,-117.88,Sep,2026,26-Sep,-14.30%,Loss,High
8537,US-2026-102750,9/4/2026,9/8/2026,Second Class,GM-14695,Greg Maxwell,Corporate,United States,Los Angeles,California,90036,West,FUR-TA-10000198,Furniture,Tables,Chromcraft Bull-Nose Wood Oval Conference Tables & Bases,1322.35,3,0.2,-99.18,Sep,2026,26-Sep,-7.50%,Loss,High
8538,US-2026-116680,9/4/2026,9/6/2026,Second Class,PK-19075,Pete Kriz,Consumer,United States,San Francisco,California,94122,West,FUR-TA-10001771,Furniture,Tables,"Bush Cubix Conference Tables, Fully Assembled",1478.27,8,0.2,92.39,Sep,2026,26-Sep,6.30%,Profitable,High
8577,US-2026-103877,9/7/2026,9/14/2026,Standard Class,RD-19660,Robert Dilbeck,Home Office,United States,Independence,Missouri,64055,Central,OFF-BI-10003650,Office Supplies,Binders,GBC DocuBind 300 Electric Binding Machine,1577.94,3,0,757.41,Sep,2026,26-Sep,48.00%,Profitable,High
8593,US-2026-124968,9/8/2026,9/13/2026,Second Class,MM-18055,Michelle Moray,Consumer,United States,Chicago,Illinois,60610,Central,FUR-TA-10004289,Furniture,Tables,BoxOffice By Design Rectangular and Half-Moon Meeting Room Tables,765.63,7,0.5,-566.56,Sep,2026,26-Sep,-74.00%,Loss,High
8626,US-2026-147361,9/9/2026,9/15/2026,Standard Class,SB-20290,Sean Braxton,Corporate,United States,Florence,South Carolina,29501,South,OFF-ST-10001809,Office Supplies,Storage,Fellowes Officeware Wire Shelving,628.81,7,0,12.58,Sep,2026,26-Sep,2.00%,Profitable,High
8633,US-2026-118087,9/9/2026,9/13/2026,Standard Class,SP-20620,Stefania Perrino,Corporate,United States,Philadelphia,Pennsylvania,19134,East,TEC-PH-10002200,Technology,Phones,Samsung Galaxy Note 2,1931.96,7,0.4,-386.39,Sep,2026,26-Sep,-20.00%,Loss,High
8639,US-2026-152093,9/10/2026,9/15/2026,Standard Class,SN-20560,Skye Norling,Home Office,United States,Chicago,Illinois,60653,Central,OFF-BI-10003527,Office Supplies,Binders,Fellowes PB500 Electric Punch Plastic Comb Binding Machine with Manual Bind,762.59,3,0.8,-1143.89,Sep,2026,26-Sep,-150.00%,Loss,High
8653,US-2026-149559,9/11/2026,9/12/2026,Same Day,KF-16285,Karen Ferguson,Home Office,United States,Long Beach,California,90805,West,FUR-CH-10002320,Furniture,Chairs,Hon Pagoda Stacking Chairs,2054.27,8,0.2,256.78,Sep,2026,26-Sep,12.50%,Profitable,High
8657,US-2026-160836,9/11/2026,9/16/2026,Standard Class,CC-12475,Cindy Chapman,Consumer,United States,Houston,Texas,77070,Central,FUR-TA-10002855,Furniture,Tables,Bevis Round Conference Table Top & Single Column Base,512.19,5,0.3,-65.85,Sep,2026,26-Sep,-12.90%,Loss,High
8662,US-2026-142188,9/11/2026,9/11/2026,Same Day,JF-15415,Jennifer Ferguson,Consumer,United States,Seattle,Washington,98105,West,OFF-BI-10004600,Office Supplies,Binders,Ibico Ibimaster 300 Manual Binding System,1471.96,5,0.2,459.99,Sep,2026,26-Sep,31.30%,Profitable,High
8684,US-2026-152975,9/14/2026,9/16/2026,First Class,RB-19705,Roger Barcio,Home Office,United States,New York City,New York,10035,East,FUR-CH-10003298,Furniture,Chairs,"Office Star - Contemporary Task Swivel chair with Loop Arms, Charcoal",589.41,5,0.1,-6.55,Sep,2026,26-Sep,-1.10%,Loss,High
8686,US-2026-115882,9/14/2026,9/17/2026,First Class,DB-13555,Dorothy Badders,Corporate,United States,Raleigh,North Carolina,27604,South,OFF-AP-10002534,Office Supplies,Appliances,3.6 Cubic Foot Counter Height Office Refrigerator,942.78,4,0.2,94.28,Sep,2026,26-Sep,10.00%,Profitable,High
8697,US-2026-130302,9/14/2026,9/19/2026,Standard Class,CY-12745,Craig Yedwab,Corporate,United States,Springfield,Ohio,45503,East,TEC-AC-10002001,Technology,Accessories,Logitech Wireless Gaming Headset G930,895.94,7,0.2,190.39,Sep,2026,26-Sep,21.30%,Profitable,High
8700,US-2026-152975,9/14/2026,9/16/2026,First Class,RB-19705,Roger Barcio,Home Office,United States,New York City,New York,10035,East,TEC-PH-10004586,Technology,Phones,Wilson SignalBoost 841262 DB PRO Amplifier Kit,1079.85,3,0,323.96,Sep,2026,26-Sep,30.00%,Profitable,High
8701,US-2026-121888,9/15/2026,9/17/2026,Second Class,CL-11890,Carl Ludwig,Consumer,United States,Everett,Massachusetts,2149,East,FUR-BO-10002545,Furniture,Bookcases,"Atlantic Metals Mobile 3-Shelf Bookcases, Custom Colors",782.94,3,0,203.56,Sep,2026,26-Sep,26.00%,Profitable,High
8704,US-2026-124205,9/15/2026,9/19/2026,Standard Class,TC-21145,Theresa Coyne,Corporate,United States,Lakewood,New Jersey,8701,East,FUR-CH-10003606,Furniture,Chairs,SAFCO Folding Chair Trolley,512.96,4,0,143.63,Sep,2026,26-Sep,28.00%,Profitable,High
8706,US-2026-116652,9/15/2026,9/19/2026,Standard Class,RD-19480,Rick Duston,Consumer,United States,San Francisco,California,94122,West,FUR-FU-10001488,Furniture,Furnishings,"Tenex 46"" x 60"" Computer Anti-Static Chairmat, Rectangular Shaped",529.9,5,0,105.98,Sep,2026,26-Sep,20.00%,Profitable,High
8716,US-2026-163300,9/15/2026,9/21/2026,Standard Class,ES-14020,Erica Smith,Consumer,United States,Los Angeles,California,90049,West,OFF-BI-10004390,Office Supplies,Binders,GBC DocuBind 200 Manual Binding Machine,2357.49,7,0.2,884.06,Sep,2026,26-Sep,37.50%,Profitable,High
8729,US-2026-136448,9/16/2026,9/18/2026,First Class,AS-10090,Adam Shillingsburg,Consumer,United States,Philadelphia,Pennsylvania,19143,East,OFF-BI-10001359,Office Supplies,Binders,GBC DocuBind TL300 Electric Binding System,538.19,2,0.7,-412.62,Sep,2026,26-Sep,-76.70%,Loss,High
8740,US-2026-112515,9/17/2026,9/21/2026,Second Class,AS-10225,Alan Schoenberger,Corporate,United States,Provo,Utah,84604,West,FUR-BO-10003404,Furniture,Bookcases,"Global Adaptabilites Bookcase, Cherry/Storm Gray Finish",1292.94,3,0,77.58,Sep,2026,26-Sep,6.00%,Profitable,High
8741,US-2026-157931,9/17/2026,9/22/2026,Second Class,MO-17800,Meg O'Connel,Home Office,United States,Roswell,Georgia,30076,South,FUR-CH-10000785,Furniture,Chairs,Global Ergonomic Managers Chair,723.92,4,0,188.22,Sep,2026,26-Sep,26.00%,Profitable,High
8756,US-2026-105669,9/17/2026,9/22/2026,Second Class,SJ-20125,Sanjit Jacobs,Home Office,United States,Houston,Texas,77036,Central,TEC-PH-10002415,Technology,Phones,Polycom VoiceStation 500 Conference phone,1415.76,6,0.2,88.49,Sep,2026,26-Sep,6.30%,Profitable,High
8792,US-2026-100111,9/20/2026,9/26/2026,Standard Class,SV-20365,Seth Vernon,Consumer,United States,New York City,New York,10035,East,FUR-CH-10001215,Furniture,Chairs,Global Troy Executive Leather Low-Back Tilter,2254.41,5,0.1,375.74,Sep,2026,26-Sep,16.70%,Profitable,High
8795,US-2026-100111,9/20/2026,9/26/2026,Standard Class,SV-20365,Seth Vernon,Consumer,United States,New York City,New York,10035,East,FUR-CH-10004086,Furniture,Chairs,Hon 4070 Series Pagoda Armless Upholstered Stacking Chairs,2888.13,11,0.1,609.72,Sep,2026,26-Sep,21.10%,Profitable,High
8805,US-2026-100111,9/20/2026,9/26/2026,Standard Class,SV-20365,Seth Vernon,Consumer,United States,New York City,New York,10035,East,TEC-PH-10002885,Technology,Phones,Apple iPhone 5,1299.66,2,0,350.91,Sep,2026,26-Sep,27.00%,Profitable,High
8821,US-2026-161053,9/22/2026,9/23/2026,First Class,JE-15745,Joel Eaton,Consumer,United States,Fayetteville,Arkansas,72701,South,OFF-BI-10004318,Office Supplies,Binders,Ibico EB-19 Dual Function Manual Binding System,691.96,4,0,318.3,Sep,2026,26-Sep,46.00%,Profitable,High
8830,US-2026-158379,9/22/2026,9/26/2026,Second Class,JA-15970,Joseph Airdo,Consumer,United States,Philadelphia,Pennsylvania,19134,East,OFF-SU-10002881,Office Supplies,Supplies,Martin Yale Chadless Opener Electric Letter Opener,4663.74,7,0.2,-1049.34,Sep,2026,26-Sep,-22.50%,Loss,High
8831,US-2026-162789,9/22/2026,9/24/2026,Second Class,LC-17140,Logan Currie,Consumer,United States,New York City,New York,10035,East,TEC-AC-10002842,Technology,Accessories,WD My Passport Ultra 2TB Portable External Hard Drive,1071,9,0,171.36,Sep,2026,26-Sep,16.00%,Profitable,High
8839,US-2026-121853,9/23/2026,9/29/2026,Standard Class,DB-13660,Duane Benoit,Consumer,United States,Los Angeles,California,90036,West,FUR-CH-10003973,Furniture,Chairs,GuestStacker Chair with Chrome Finish Legs,594.82,2,0.2,59.48,Sep,2026,26-Sep,10.00%,Profitable,High
8858,US-2026-142034,9/24/2026,9/28/2026,Standard Class,KB-16240,Karen Bern,Corporate,United States,Saint Cloud,Minnesota,56301,Central,FUR-CH-10000665,Furniture,Chairs,"Global Airflow Leather Mesh Back Chair, Black",603.92,4,0,181.18,Sep,2026,26-Sep,30.00%,Profitable,High
8859,US-2026-148411,9/24/2026,9/26/2026,First Class,RO-19780,Rose O'Brian,Consumer,United States,Chicago,Illinois,60623,Central,FUR-CH-10003973,Furniture,Chairs,GuestStacker Chair with Chrome Finish Legs,520.46,2,0.3,-14.87,Sep,2026,26-Sep,-2.90%,Loss,High
8873,US-2026-142034,9/24/2026,9/28/2026,Standard Class,KB-16240,Karen Bern,Corporate,United States,Saint Cloud,Minnesota,56301,Central,TEC-AC-10000990,Technology,Accessories,Imation Bio 2GB USB Flash Drive Imation Corp,655.9,5,0,275.48,Sep,2026,26-Sep,42.00%,Profitable,High
8876,US-2026-122364,9/24/2026,9/29/2026,Standard Class,FA-14230,Frank Atkinson,Corporate,United States,Los Angeles,California,90008,West,TEC-MA-10001031,Technology,Machines,Socket Bluetooth Cordless Hand Scanner (CHS),506.28,3,0.2,177.2,Sep,2026,26-Sep,35.00%,Profitable,High
8879,US-2026-122364,9/24/2026,9/29/2026,Standard Class,FA-14230,Frank Atkinson,Corporate,United States,Los Angeles,California,90008,West,TEC-PH-10001817,Technology,Phones,Wilson Electronics DB Pro Signal Booster,859.2,3,0.2,75.18,Sep,2026,26-Sep,8.80%,Profitable,High
8881,US-2026-121839,9/24/2026,9/28/2026,Standard Class,MH-18115,Mick Hernandez,Home Office,United States,Lancaster,Ohio,43130,East,TEC-PH-10002885,Technology,Phones,Apple iPhone 5,1169.69,3,0.4,-253.43,Sep,2026,26-Sep,-21.70%,Loss,High
8902,US-2026-106145,9/26/2026,9/26/2026,Same Day,RA-19885,Ruben Ausman,Corporate,United States,San Francisco,California,94109,West,OFF-BI-10003925,Office Supplies,Binders,Fellowes PB300 Plastic Comb Binding Machine,931.18,3,0.2,314.27,Sep,2026,26-Sep,33.80%,Profitable,High
8955,US-2026-113418,10/1/2026,10/3/2026,First Class,CM-12655,Corinna Mitchell,Home Office,United States,New York City,New York,10035,East,TEC-MA-10002428,Technology,Machines,Fellowes Powershred HS-440 4-Sheet High Security Shredder,1704.89,11,0,767.2,Oct,2026,26-Oct,45.00%,Profitable,High
8963,US-2026-162558,10/2/2026,10/5/2026,First Class,Dp-13240,Dean percer,Home Office,United States,Knoxville,Tennessee,37918,South,FUR-TA-10000198,Furniture,Tables,Chromcraft Bull-Nose Wood Oval Conference Tables & Bases,2314.12,7,0.4,-1002.78,Oct,2026,26-Oct,-43.30%,Loss,High
8977,US-2026-105914,10/2/2026,10/8/2026,Standard Class,PV-18985,Paul Van Hugh,Home Office,United States,Los Angeles,California,90036,West,OFF-ST-10003716,Office Supplies,Storage,Tennsco Double-Tier Lockers,1575.14,7,0,204.77,Oct,2026,26-Oct,13.00%,Profitable,High
8987,US-2026-141789,10/3/2026,10/6/2026,First Class,AC-10450,Amy Cox,Consumer,United States,Minneapolis,Minnesota,55407,Central,OFF-BI-10001359,Office Supplies,Binders,GBC DocuBind TL300 Electric Binding System,1793.98,2,0,843.17,Oct,2026,26-Oct,47.00%,Profitable,High
9003,US-2026-143112,10/5/2026,10/9/2026,Standard Class,TS-21370,Todd Sumrall,Corporate,United States,New York City,New York,10035,East,TEC-MA-10001047,Technology,Machines,"3D Systems Cube Printer, 2nd Generation, Magenta",5199.96,4,0,1351.99,Oct,2026,26-Oct,26.00%,Profitable,High
9011,CA-2026-131807,10/5/2026,10/10/2026,Standard Class,GG-14650,Greg Guthrie,Corporate,Canada,Calgary,Alberta,T1Y,West,OFF-FA-10002780,Office Supplies,Fasteners,Staples,5199.96,4,0,1351.99,Oct,2026,26-Oct,26.00%,Profitable,High
9031,US-2026-148404,10/7/2026,10/11/2026,Standard Class,Dp-13240,Dean percer,Home Office,United States,Charlotte,North Carolina,28205,South,OFF-ST-10003208,Office Supplies,Storage,Adjustable Depth Letter/Legal Cart,580.67,4,0.2,65.33,Oct,2026,26-Oct,11.30%,Profitable,High
9032,US-2026-108574,10/7/2026,10/11/2026,Standard Class,MG-18145,Mike Gockenbach,Consumer,United States,Los Angeles,California,90045,West,TEC-AC-10002049,Technology,Accessories,Logitech G19 Programmable Gaming Keyboard,1115.91,9,0,200.86,Oct,2026,26-Oct,18.00%,Profitable,High
9046,US-2026-117247,10/9/2026,10/14/2026,Standard Class,CK-12760,Cyma Kinney,Corporate,United States,Aurora,Illinois,60505,Central,FUR-TA-10002958,Furniture,Tables,"Bevis Oval Conference Table, Walnut",652.45,5,0.5,-430.62,Oct,2026,26-Oct,-66.00%,Loss,High
9056,US-2026-150091,10/12/2026,10/16/2026,Standard Class,NP-18670,Nora Paige,Consumer,United States,Lakewood,New Jersey,8701,East,FUR-BO-10003404,Furniture,Bookcases,"Global Adaptabilites Bookcase, Cherry/Storm Gray Finish",2154.9,5,0,129.29,Oct,2026,26-Oct,6.00%,Profitable,High
9059,US-2026-130505,10/12/2026,10/12/2026,Same Day,NF-18385,Natalie Fritzler,Consumer,United States,Wheeling,West Virginia,26003,East,FUR-TA-10001932,Furniture,Tables,"Chromcraft 48"" x 96"" Racetrack Double Pedestal Table",673.34,3,0.3,-76.95,Oct,2026,26-Oct,-11.40%,Loss,High
9070,US-2026-168655,10/12/2026,10/18/2026,Standard Class,ML-18040,Michelle Lonsdale,Corporate,United States,Albuquerque,New Mexico,87105,West,TEC-AC-10002842,Technology,Accessories,WD My Passport Ultra 2TB Portable External Hard Drive,595,5,0,95.2,Oct,2026,26-Oct,16.00%,Profitable,High
9071,US-2026-152933,10/12/2026,10/16/2026,Standard Class,MG-17650,Matthew Grinstein,Home Office,United States,Dallas,Texas,75081,Central,TEC-AC-10003033,Technology,Accessories,Plantronics CS510 - Over-the-Head monaural Wireless Headset System,791.88,3,0.2,128.68,Oct,2026,26-Oct,16.30%,Profitable,High
9075,US-2026-103212,10/13/2026,10/14/2026,First Class,MH-18025,Michelle Huthwaite,Consumer,United States,Lafayette,Louisiana,70506,South,FUR-TA-10003473,Furniture,Tables,Bretford Rectangular Conference Table Tops,1504.52,4,0,346.04,Oct,2026,26-Oct,23.00%,Profitable,High
9076,US-2026-116519,10/13/2026,10/15/2026,First Class,CR-12730,Craig Reiter,Consumer,United States,New York City,New York,10009,East,OFF-AP-10000828,Office Supplies,Appliances,Avanti 4.4 Cu. Ft. Refrigerator,904.9,5,0,253.37,Oct,2026,26-Oct,28.00%,Profitable,High
9078,US-2026-135909,10/13/2026,10/20/2026,Standard Class,JW-15220,Jane Waco,Corporate,United States,Sacramento,California,95823,West,OFF-BI-10003527,Office Supplies,Binders,Fellowes PB500 Electric Punch Plastic Comb Binding Machine with Manual Bind,5083.96,5,0.2,1906.49,Oct,2026,26-Oct,37.50%,Profitable,High
9095,US-2026-113670,10/15/2026,10/17/2026,First Class,RS-19765,Roland Schwarz,Corporate,United States,Los Angeles,California,90045,West,FUR-TA-10001705,Furniture,Tables,Bush Advantage Collection Round Conference Table,510.24,3,0.2,6.38,Oct,2026,26-Oct,1.20%,Profitable,High
9102,US-2026-132234,10/16/2026,10/18/2026,First Class,MY-17380,Maribeth Yedwab,Corporate,United States,New York City,New York,10011,East,FUR-FU-10001290,Furniture,Furnishings,Executive Impressions Supervisor Wall Clock,547.3,13,0,175.14,Oct,2026,26-Oct,32.00%,Profitable,High
9103,US-2026-159100,10/16/2026,10/21/2026,Standard Class,VP-21760,Victoria Pisteka,Corporate,United States,Columbia,Tennessee,38401,South,FUR-TA-10001950,Furniture,Tables,Balt Solid Wood Round Tables,1875.26,7,0.4,-968.88,Oct,2026,26-Oct,-51.70%,Loss,High
9107,US-2026-159282,10/16/2026,10/21/2026,Standard Class,GH-14410,Gary Hansen,Home Office,United States,Yuma,Arizona,85364,West,TEC-MA-10001148,Technology,Machines,Swingline SM12-08 MicroCut Jam Free Shredder,599.99,5,0.7,-479.99,Oct,2026,26-Oct,-80.00%,Loss,High
9120,US-2026-120390,10/19/2026,10/26/2026,Standard Class,TH-21550,Tracy Hopkins,Home Office,United States,Burlington,North Carolina,27217,South,OFF-BI-10004995,Office Supplies,Binders,GBC DocuBind P400 Electric Binding System,1633.19,4,0.7,-1306.55,Oct,2026,26-Oct,-80.00%,Loss,High
9143,US-2026-147277,10/20/2026,10/24/2026,Standard Class,EB-13705,Ed Braxton,Corporate,United States,Akron,Ohio,44312,East,OFF-ST-10000142,Office Supplies,Storage,Deluxe Rollaway Locking File with Drawer,665.41,2,0.2,66.54,Oct,2026,26-Oct,10.00%,Profitable,High
9147,US-2026-113558,10/21/2026,10/26/2026,Standard Class,PH-18790,Patricia Hirasaki,Home Office,United States,Lakeland,Florida,33801,South,FUR-CH-10003379,Furniture,Chairs,Global Commerce Series High-Back Swivel/Tilt Chairs,683.95,3,0.2,42.75,Oct,2026,26-Oct,6.30%,Profitable,High
9160,US-2026-154410,10/21/2026,10/24/2026,First Class,MD-17860,Michael Dominguez,Corporate,United States,Indianapolis,Indiana,46203,Central,OFF-ST-10002743,Office Supplies,Storage,SAFCO Boltless Steel Shelving,909.12,8,0,9.09,Oct,2026,26-Oct,1.00%,Profitable,High
9162,US-2026-145884,10/21/2026,10/21/2026,Same Day,SL-20155,Sara Luxemburg,Home Office,United States,Muskogee,Oklahoma,74403,Central,TEC-PH-10000895,Technology,Phones,Polycom VVX 310 VoIP phone,1439.92,8,0,374.38,Oct,2026,26-Oct,26.00%,Profitable,High
9164,US-2026-130141,10/22/2026,10/24/2026,Second Class,HA-14905,Helen Abelman,Consumer,United States,Fort Collins,Colorado,80525,West,FUR-CH-10000749,Furniture,Chairs,Office Star - Ergonomic Mid Back Chair with 2-Way Adjustable Arms,579.14,4,0.2,-28.96,Oct,2026,26-Oct,-5.00%,Loss,High
9172,US-2026-127180,10/22/2026,10/24/2026,First Class,TA-21385,Tom Ashbrook,Home Office,United States,New York City,New York,10024,East,TEC-CO-10004722,Technology,Copiers,Canon imageCLASS 2200 Advanced Copier,11199.97,4,0.2,3919.99,Oct,2026,26-Oct,35.00%,Profitable,High
9173,US-2026-127180,10/22/2026,10/24/2026,First Class,TA-21385,Tom Ashbrook,Home Office,United States,New York City,New York,10024,East,TEC-PH-10001494,Technology,Phones,Polycom CX600 IP Phone VoIP phone,2399.6,8,0,647.89,Oct,2026,26-Oct,27.00%,Profitable,High
9180,US-2026-125451,10/23/2026,10/24/2026,First Class,AH-10075,Adam Hart,Corporate,United States,Cranston,Rhode Island,2920,East,FUR-TA-10004915,Furniture,Tables,"Office Impressions End Table, 20-1/2""H x 24""W x 20""D",637.9,3,0.3,-127.58,Oct,2026,26-Oct,-20.00%,Loss,High
9192,US-2026-105389,10/23/2026,10/28/2026,Second Class,DM-13015,Darrin Martin,Consumer,United States,San Antonio,Texas,78207,Central,TEC-PH-10002824,Technology,Phones,Jabra SPEAK 410 Multidevice Speakerphone,823.96,5,0.2,51.5,Oct,2026,26-Oct,6.30%,Profitable,High
9193,US-2026-117079,10/23/2026,10/27/2026,Standard Class,JR-15700,Jocasta Rupert,Consumer,United States,Jacksonville,Florida,32216,South,TEC-PH-10004586,Technology,Phones,Wilson SignalBoost 841262 DB PRO Amplifier Kit,863.88,3,0.2,107.99,Oct,2026,26-Oct,12.50%,Profitable,High
9194,US-2026-141705,10/24/2026,10/26/2026,First Class,PO-18850,Patrick O'Brill,Consumer,United States,Mansfield,Texas,76063,Central,FUR-TA-10004607,Furniture,Tables,Hon 2111 Invitation Series Straight Table,517.41,5,0.3,-81.31,Oct,2026,26-Oct,-15.70%,Loss,High
9206,US-2026-130764,10/27/2026,10/28/2026,First Class,JO-15145,Jack O'Briant,Corporate,United States,San Francisco,California,94110,West,FUR-BO-10003034,Furniture,Bookcases,"O'Sullivan Elevations Bookcase, Cherry Finish",556.67,5,0.15,6.55,Oct,2026,26-Oct,1.20%,Profitable,High
9231,US-2026-142622,10/30/2026,11/2/2026,First Class,JK-15625,Jim Karlsson,Consumer,United States,Seattle,Washington,98115,West,FUR-CH-10004289,Furniture,Chairs,Global Super Steno Chair,614.27,8,0.2,-23.04,Oct,2026,26-Oct,-3.80%,Loss,High
9236,US-2026-123491,10/30/2026,11/5/2026,Standard Class,JK-15205,Jamie Kunitz,Consumer,United States,San Francisco,California,94122,West,OFF-AP-10002684,Office Supplies,Appliances,"Acco 7-Outlet Masterpiece Power Center, Wihtout Fax/Phone Line Protection",1702.12,14,0,510.64,Oct,2026,26-Oct,30.00%,Profitable,High
9252,US-2026-117114,10/31/2026,11/5/2026,Standard Class,CY-12745,Craig Yedwab,Corporate,United States,Chicago,Illinois,60610,Central,TEC-PH-10004042,Technology,Phones,ClearOne Communications CHAT 70 OC Speaker Phone,508.77,4,0.2,38.16,Oct,2026,26-Oct,7.50%,Profitable,High
9253,US-2026-123967,11/1/2026,11/3/2026,Second Class,SF-20200,Sarah Foster,Consumer,United States,Bellingham,Washington,98226,West,FUR-TA-10003954,Furniture,Tables,Hon 94000 Series Round Tables,2665.62,9,0,239.91,Nov,2026,26-Nov,9.00%,Profitable,High
9257,US-2026-143567,11/2/2026,11/5/2026,Second Class,TB-21175,Thomas Boland,Corporate,United States,Henderson,Kentucky,42420,South,FUR-CH-10000454,Furniture,Chairs,"Hon Deluxe Fabric Upholstered Stacking Chairs, Rounded Back",975.92,4,0,292.78,Nov,2026,26-Nov,30.00%,Profitable,High
9268,US-2026-163790,11/2/2026,11/4/2026,Second Class,NL-18310,Nancy Lomonaco,Home Office,United States,Danville,California,94526,West,OFF-BI-10003718,Office Supplies,Binders,GBC Therma-A-Bind 250T Electric Binding System,590.35,6,0.2,206.62,Nov,2026,26-Nov,35.00%,Profitable,High
9280,US-2026-143567,11/2/2026,11/5/2026,Second Class,TB-21175,Thomas Boland,Corporate,United States,Henderson,Kentucky,42420,South,TEC-AC-10004145,Technology,Accessories,Logitech diNovo Edge Keyboard,2249.91,9,0,517.48,Nov,2026,26-Nov,23.00%,Profitable,High
9281,US-2026-127782,11/2/2026,11/6/2026,Standard Class,TH-21115,Thea Hudgings,Corporate,United States,Philadelphia,Pennsylvania,19140,East,TEC-PH-10001817,Technology,Phones,Wilson Electronics DB Pro Signal Booster,859.2,4,0.4,-186.16,Nov,2026,26-Nov,-21.70%,Loss,High
9286,US-2026-105998,11/3/2026,11/5/2026,First Class,CR-12580,Clay Rozendal,Home Office,United States,San Diego,California,92037,West,FUR-TA-10001095,Furniture,Tables,Chromcraft Round Conference Tables,1673.18,12,0.2,20.91,Nov,2026,26-Nov,1.30%,Profitable,High
9303,US-2026-100622,11/3/2026,11/7/2026,Standard Class,DK-13090,Dave Kipp,Consumer,United States,Orlando,Florida,32839,South,TEC-CO-10003236,Technology,Copiers,Canon Image Class D660 Copier,959.98,2,0.2,311.99,Nov,2026,26-Nov,32.50%,Profitable,High
9305,US-2026-147760,11/4/2026,11/5/2026,First Class,KL-16555,Kelly Lampkin,Corporate,United States,Greensboro,North Carolina,27405,South,FUR-TA-10004575,Furniture,Tables,Hon 5100 Series Wood Tables,523.76,3,0.4,-192.05,Nov,2026,26-Nov,-36.70%,Loss,High
9319,US-2026-168116,11/4/2026,11/4/2026,Same Day,GT-14635,Grant Thornton,Corporate,United States,Burlington,North Carolina,27217,South,TEC-MA-10004125,Technology,Machines,Cubify CubeX 3D Printer Triple Head Print,7999.98,4,0.5,-3839.99,Nov,2026,26-Nov,-48.00%,Loss,High
9321,US-2026-147760,11/4/2026,11/5/2026,First Class,KL-16555,Kelly Lampkin,Corporate,United States,Greensboro,North Carolina,27405,South,TEC-PH-10002483,Technology,Phones,Motorola Moto X,1359.96,5,0.2,119,Nov,2026,26-Nov,8.80%,Profitable,High
9345,US-2026-107174,11/6/2026,11/13/2026,Standard Class,AB-10060,Adam Bellavance,Home Office,United States,Seattle,Washington,98105,West,FUR-TA-10004575,Furniture,Tables,Hon 5100 Series Wood Tables,2036.86,7,0,366.63,Nov,2026,26-Nov,18.00%,Profitable,High
9346,US-2026-167941,11/6/2026,11/9/2026,Second Class,JF-15565,Jill Fjeld,Consumer,United States,Fayetteville,North Carolina,28314,South,OFF-AP-10002118,Office Supplies,Appliances,"1.7 Cubic Foot Compact ""Cube"" Office Refrigerators",499.58,3,0.2,43.71,Nov,2026,26-Nov,8.80%,Profitable,Medium
9375,US-2026-122504,11/7/2026,11/12/2026,Second Class,DB-13270,Deborah Brumfield,Home Office,United States,Brentwood,California,94513,West,TEC-PH-10002468,Technology,Phones,"Plantronics CS 50-USB - headset - Convertible, Monaural",761.54,7,0.2,66.64,Nov,2026,26-Nov,8.80%,Profitable,High
9380,US-2026-119494,11/9/2026,11/13/2026,Standard Class,JE-15610,Jim Epp,Corporate,United States,San Diego,California,92105,West,FUR-CH-10004675,Furniture,Chairs,"Lifetime Advantage Folding Chairs, 4/Carton",523.39,3,0.2,52.34,Nov,2026,26-Nov,10.00%,Profitable,High
9385,US-2026-152912,11/9/2026,11/12/2026,Second Class,BM-11650,Brian Moss,Corporate,United States,Columbia,Maryland,21044,East,OFF-ST-10003208,Office Supplies,Storage,Adjustable Depth Letter/Legal Cart,1633.14,9,0,473.61,Nov,2026,26-Nov,29.00%,Profitable,High
9386,US-2026-152912,11/9/2026,11/12/2026,Second Class,BM-11650,Brian Moss,Corporate,United States,Columbia,Maryland,21044,East,OFF-ST-10003208,Office Supplies,Storage,Adjustable Depth Letter/Legal Cart,544.38,3,0,157.87,Nov,2026,26-Nov,29.00%,Profitable,High
9389,US-2026-152912,11/9/2026,11/12/2026,Second Class,BM-11650,Brian Moss,Corporate,United States,Columbia,Maryland,21044,East,TEC-AC-10004666,Technology,Accessories,Maxell iVDR EX 500GB Cartridge,826.62,3,0,355.45,Nov,2026,26-Nov,43.00%,Profitable,High
9390,US-2026-159667,11/9/2026,11/13/2026,Standard Class,PM-19135,Peter McVee,Home Office,United States,Jacksonville,Florida,32216,South,TEC-PH-10004094,Technology,Phones,Motorola L703CM,499.17,4,0.2,31.2,Nov,2026,26-Nov,6.30%,Profitable,Medium
9392,US-2026-155425,11/10/2026,11/11/2026,First Class,AB-10600,Ann Blume,Corporate,United States,Tucson,Arizona,85705,West,FUR-CH-10003312,Furniture,Chairs,Hon 2090 “Pillow Soft” Series Mid Back Swivel/Tilt Chairs,899.14,4,0.2,-146.11,Nov,2026,26-Nov,-16.30%,Loss,High
9399,US-2026-104640,11/10/2026,11/16/2026,Standard Class,FH-14275,Frank Hawley,Corporate,United States,New York City,New York,10024,East,OFF-BI-10003925,Office Supplies,Binders,Fellowes PB300 Plastic Comb Binding Machine,931.18,3,0.2,314.27,Nov,2026,26-Nov,33.80%,Profitable,High
9408,US-2026-158561,11/11/2026,11/16/2026,Second Class,BB-11545,Brenda Bowman,Corporate,United States,Fort Lauderdale,Florida,33311,South,OFF-AP-10002651,Office Supplies,Appliances,Hoover Upright Vacuum With Dirt Cup,1158.12,5,0.2,130.29,Nov,2026,26-Nov,11.30%,Profitable,High
9441,US-2026-130386,11/12/2026,11/18/2026,Standard Class,NG-18430,Nathan Gelder,Consumer,United States,Austin,Texas,78745,Central,OFF-ST-10003716,Office Supplies,Storage,Tennsco Double-Tier Lockers,540.05,3,0.2,-47.25,Nov,2026,26-Nov,-8.80%,Loss,High
9448,US-2026-134915,11/12/2026,11/12/2026,Same Day,EM-14140,Eugene Moren,Home Office,United States,Glendale,Arizona,85301,West,TEC-PH-10001459,Technology,Phones,Samsung Galaxy Mega 6.3,671.98,2,0.2,50.4,Nov,2026,26-Nov,7.50%,Profitable,High
9452,US-2026-122490,11/13/2026,11/18/2026,Standard Class,TT-21070,Ted Trevino,Consumer,United States,Seattle,Washington,98103,West,FUR-CH-10001215,Furniture,Chairs,Global Troy Executive Leather Low-Back Tilter,2404.7,6,0.2,150.29,Nov,2026,26-Nov,6.30%,Profitable,High
9456,US-2026-122490,11/13/2026,11/18/2026,Standard Class,TT-21070,Ted Trevino,Consumer,United States,Seattle,Washington,98103,West,OFF-BI-10001718,Office Supplies,Binders,GBC DocuBind P50 Personal Binding Machine,563.02,11,0.2,190.02,Nov,2026,26-Nov,33.80%,Profitable,High
9463,US-2026-165204,11/13/2026,11/16/2026,Second Class,MN-17935,Michael Nguyen,Consumer,United States,Memphis,Tennessee,38109,South,OFF-ST-10003716,Office Supplies,Storage,Tennsco Double-Tier Lockers,720.06,4,0.2,-63.01,Nov,2026,26-Nov,-8.80%,Loss,High
9469,US-2026-165344,11/13/2026,11/15/2026,First Class,SB-20290,Sean Braxton,Corporate,United States,Springfield,Ohio,45503,East,TEC-MA-10002210,Technology,Machines,Epson TM-T88V Direct Thermal Printer - Monochrome - Desktop,653,7,0.7,-935.96,Nov,2026,26-Nov,-143.30%,Loss,High
9472,US-2026-159156,11/13/2026,11/16/2026,First Class,KB-16600,Ken Brennan,Corporate,United States,New York City,New York,10009,East,TEC-PH-10004389,Technology,Phones,Nokia Lumia 925,629.95,5,0,163.79,Nov,2026,26-Nov,26.00%,Profitable,High
9495,US-2026-137022,11/16/2026,11/22/2026,Standard Class,SW-20275,Scott Williamson,Consumer,United States,San Diego,California,92105,West,OFF-ST-10001963,Office Supplies,Storage,Tennsco Regal Shelving Units,811.28,8,0,24.34,Nov,2026,26-Nov,3.00%,Profitable,High
9499,US-2026-160633,11/16/2026,11/21/2026,Standard Class,BS-11380,Bill Stewart,Corporate,United States,Bowling Green,Ohio,43402,East,TEC-CO-10002095,Technology,Copiers,Hewlett Packard 610 Color Digital Copier / Printer,899.98,3,0.4,75,Nov,2026,26-Nov,8.30%,Profitable,High
9500,US-2026-136308,11/16/2026,11/16/2026,Same Day,MW-18235,Mitch Willingham,Corporate,United States,San Francisco,California,94122,West,TEC-MA-10000488,Technology,Machines,Bady BDG101FRU Card Printer,1919.98,3,0.2,216,Nov,2026,26-Nov,11.30%,Profitable,High
9514,US-2026-128265,11/17/2026,11/22/2026,Second Class,VW-21775,Victoria Wilson,Corporate,United States,New York City,New York,10011,East,OFF-ST-10000142,Office Supplies,Storage,Deluxe Rollaway Locking File with Drawer,1247.64,3,0,349.34,Nov,2026,26-Nov,28.00%,Profitable,High
9518,US-2026-166709,11/17/2026,11/22/2026,Standard Class,HL-15040,Hunter Lopez,Consumer,United States,Newark,Delaware,19711,East,TEC-CO-10004722,Technology,Copiers,Canon imageCLASS 2200 Advanced Copier,10499.97,3,0,5039.99,Nov,2026,26-Nov,48.00%,Profitable,High
9546,US-2026-101042,11/19/2026,11/23/2026,Standard Class,AB-10105,Adrian Barton,Consumer,United States,Henderson,Kentucky,42420,South,FUR-FU-10004665,Furniture,Furnishings,"3M Polarizing Task Lamp with Clamp Arm, Light Gray",821.88,6,0,213.69,Nov,2026,26-Nov,26.00%,Profitable,High
9549,US-2026-112529,11/19/2026,11/21/2026,First Class,SC-20770,Stewart Carmichael,Corporate,United States,San Antonio,Texas,78207,Central,FUR-TA-10002622,Furniture,Tables,"Bush Andora Conference Table, Maple/Graphite Gray Finish",718.12,6,0.3,-71.81,Nov,2026,26-Nov,-10.00%,Loss,High
9550,US-2026-168858,11/19/2026,11/23/2026,Standard Class,JD-16150,Justin Deggeller,Corporate,United States,New York City,New York,10011,East,OFF-AP-10003849,Office Supplies,Appliances,Hoover Shoulder Vac Commercial Portable Vacuum,2504.74,7,0,626.19,Nov,2026,26-Nov,25.00%,Profitable,High
9558,US-2026-131254,11/19/2026,11/21/2026,First Class,NC-18415,Nathan Cano,Consumer,United States,Houston,Texas,77095,Central,OFF-BI-10003527,Office Supplies,Binders,Fellowes PB500 Electric Punch Plastic Comb Binding Machine with Manual Bind,1525.19,6,0.8,-2287.78,Nov,2026,26-Nov,-150.00%,Loss,High
9582,US-2026-120404,11/20/2026,11/24/2026,Second Class,KH-16330,Katharine Harms,Corporate,United States,New York City,New York,10035,East,TEC-PH-10001363,Technology,Phones,Apple iPhone 5S,569.99,1,0,171,Nov,2026,26-Nov,30.00%,Profitable,High
9583,US-2026-111556,11/20/2026,11/22/2026,First Class,CD-11920,Carlos Daly,Consumer,United States,New York City,New York,10035,East,TEC-PH-10001459,Technology,Phones,Samsung Galaxy Mega 6.3,1259.97,3,0,327.59,Nov,2026,26-Nov,26.00%,Profitable,High
9596,US-2026-110443,11/21/2026,11/25/2026,Standard Class,CK-12205,Chloris Kastensmidt,Consumer,United States,Renton,Washington,98059,West,TEC-MA-10002073,Technology,Machines,"3D Systems Cube Printer, 2nd Generation, White",1039.99,1,0.2,104,Nov,2026,26-Nov,10.00%,Profitable,High
9598,US-2026-103380,11/21/2026,11/25/2026,Standard Class,BF-11005,Barry Franz,Home Office,United States,Pasadena,California,91104,West,TEC-PH-10004165,Technology,Phones,Mitel MiVoice 5330e IP Phone,659.98,3,0.2,49.5,Nov,2026,26-Nov,7.50%,Profitable,High
9618,US-2026-166436,11/24/2026,11/28/2026,Standard Class,TS-21370,Todd Sumrall,Corporate,United States,New York City,New York,10035,East,FUR-CH-10000785,Furniture,Chairs,Global Ergonomic Managers Chair,977.29,6,0.1,173.74,Nov,2026,26-Nov,17.80%,Profitable,High
9637,US-2026-146535,11/24/2026,11/30/2026,Standard Class,FM-14290,Frank Merwin,Home Office,United States,Richmond,Kentucky,40475,South,OFF-ST-10001526,Office Supplies,Storage,Iceberg Mobile Mega Data/Printer Cart,1443.96,12,0,375.43,Nov,2026,26-Nov,26.00%,Profitable,High
9643,US-2026-124765,11/25/2026,11/30/2026,Standard Class,HZ-14950,Henia Zydlo,Consumer,United States,Fort Lauderdale,Florida,33311,South,FUR-BO-10003965,Furniture,Bookcases,O'Sullivan Manor Hill 2-Door Library in Brianna Oak,723.92,5,0.2,-81.44,Nov,2026,26-Nov,-11.30%,Loss,High
9644,US-2026-109610,11/25/2026,11/30/2026,Second Class,BS-11590,Brendan Sweed,Corporate,United States,Louisville,Kentucky,40214,South,FUR-CH-10001854,Furniture,Chairs,Office Star - Professional Matrix Back Chair with 2-to-1 Synchro Tilt and Mesh Fabric Seat,701.96,2,0,168.47,Nov,2026,26-Nov,24.00%,Profitable,High
9645,US-2026-150266,11/25/2026,11/30/2026,Standard Class,RO-19780,Rose O'Brian,Consumer,United States,Houston,Texas,77070,Central,FUR-CH-10002126,Furniture,Chairs,Hon Deluxe Fabric Upholstered Stacking Chairs,853.93,5,0.3,-24.4,Nov,2026,26-Nov,-2.90%,Loss,High
9651,US-2026-129000,11/25/2026,11/27/2026,Second Class,SZ-20035,Sam Zeldin,Home Office,United States,Canton,Michigan,48187,Central,OFF-ST-10001097,Office Supplies,Storage,Office Impressions Heavy Duty Welded Shelving & Multimedia Storage Drawers,501.81,3,0,0,Nov,2026,26-Nov,0.00%,Loss,High
9655,US-2026-141439,11/26/2026,12/1/2026,Standard Class,TT-21460,Tonja Turnell,Home Office,United States,Richmond,Indiana,47374,Central,FUR-CH-10004287,Furniture,Chairs,SAFCO Arco Folding Chair,828.6,3,0,240.29,Nov,2026,26-Nov,29.00%,Profitable,High
9668,US-2026-100097,11/26/2026,11/29/2026,Second Class,MN-17935,Michael Nguyen,Consumer,United States,New York City,New York,10009,East,TEC-PH-10002310,Technology,Phones,Plantronics Calisto P620-M USB Wireless Speakerphone System,979.95,5,0,264.59,Nov,2026,26-Nov,27.00%,Profitable,High
9669,US-2026-141439,11/26/2026,12/1/2026,Standard Class,TT-21460,Tonja Turnell,Home Office,United States,Richmond,Indiana,47374,Central,TEC-PH-10002624,Technology,Phones,Samsung Galaxy S4 Mini,1879.96,4,0,545.19,Nov,2026,26-Nov,29.00%,Profitable,High
9678,US-2026-159506,11/27/2026,12/2/2026,Standard Class,JR-16210,Justin Ritter,Corporate,United States,Columbus,Indiana,47201,Central,OFF-BI-10004519,Office Supplies,Binders,GBC DocuBind P100 Manual Binding Machine,497.94,3,0,224.07,Nov,2026,26-Nov,45.00%,Profitable,Medium
9684,US-2026-110576,11/28/2026,12/2/2026,Standard Class,RB-19795,Ross Baird,Home Office,United States,Philadelphia,Pennsylvania,19120,East,FUR-FU-10000576,Furniture,Furnishings,Luxo Professional Fluorescent Magnifier Lamp with Clamp-Mount Base,1007.23,6,0.2,75.54,Nov,2026,26-Nov,7.50%,Profitable,High
9685,US-2026-117702,11/28/2026,12/4/2026,Standard Class,LS-16975,Lindsay Shagiari,Home Office,United States,Baltimore,Maryland,21215,East,FUR-FU-10000576,Furniture,Furnishings,Luxo Professional Fluorescent Magnifier Lamp with Clamp-Mount Base,1049.2,5,0,272.79,Nov,2026,26-Nov,26.00%,Profitable,High
9686,US-2026-110576,11/28/2026,12/2/2026,Standard Class,RB-19795,Ross Baird,Home Office,United States,Philadelphia,Pennsylvania,19120,East,FUR-FU-10003601,Furniture,Furnishings,"Deflect-o RollaMat Studded, Beveled Mat for Medium Pile Carpeting",516.49,7,0.2,-12.91,Nov,2026,26-Nov,-2.50%,Loss,High
9688,US-2026-110576,11/28/2026,12/2/2026,Standard Class,RB-19795,Ross Baird,Home Office,United States,Philadelphia,Pennsylvania,19120,East,FUR-TA-10004154,Furniture,Tables,"Riverside Furniture Oval Coffee Table, Oval End Table, End Table with Drawer",2065.32,12,0.4,-619.6,Nov,2026,26-Nov,-30.00%,Loss,High
9695,US-2026-123372,11/28/2026,12/2/2026,Standard Class,DG-13300,Deirdre Greer,Corporate,United States,New York City,New York,10035,East,TEC-PH-10002834,Technology,Phones,Google Nexus 5,1979.89,11,0,494.97,Nov,2026,26-Nov,25.00%,Profitable,High
9698,US-2026-165456,11/30/2026,12/3/2026,First Class,TB-21625,Trudy Brown,Consumer,United States,Philadelphia,Pennsylvania,19134,East,FUR-CH-10003981,Furniture,Chairs,Global Commerce Series Low-Back Swivel/Tilt Chairs,1079.32,6,0.3,-15.42,Nov,2026,26-Nov,-1.40%,Loss,High
9699,US-2026-111689,11/30/2026,12/2/2026,Second Class,HP-14815,Harold Pawlan,Home Office,United States,New York City,New York,10024,East,FUR-CH-10004287,Furniture,Chairs,SAFCO Arco Folding Chair,1242.9,5,0.1,262.39,Nov,2026,26-Nov,21.10%,Profitable,High
9701,US-2026-142090,11/30/2026,12/7/2026,Standard Class,SC-20380,Shahid Collister,Consumer,United States,Burlington,North Carolina,27217,South,FUR-TA-10001889,Furniture,Tables,Bush Advantage Collection Racetrack Conference Table,1781.68,7,0.4,-653.28,Nov,2026,26-Nov,-36.70%,Loss,High
9702,US-2026-120089,11/30/2026,11/30/2026,Same Day,ML-17755,Max Ludwig,Home Office,United States,Toledo,Ohio,43615,East,OFF-AP-10003779,Office Supplies,Appliances,Kensington 7 Outlet MasterPiece Power Center with Fax/Phone Line Protection,663.94,4,0.2,82.99,Nov,2026,26-Nov,12.50%,Profitable,High
9711,US-2026-105333,11/30/2026,12/4/2026,Standard Class,VP-21730,Victor Preis,Home Office,United States,New York City,New York,10011,East,TEC-PH-10001468,Technology,Phones,Panasonic Business Telephones KX-T7736,546.06,3,0,163.82,Nov,2026,26-Nov,30.00%,Profitable,High
9714,US-2026-143245,12/1/2026,12/6/2026,Standard Class,AD-10180,Alan Dominguez,Home Office,United States,Fairfield,Connecticut,6824,East,FUR-CH-10000155,Furniture,Chairs,Global Comet Stacking Armless Chair,897.15,3,0,251.2,Dec,2026,26-Dec,28.00%,Profitable,High
9719,US-2026-103968,12/1/2026,12/7/2026,Standard Class,ML-17755,Max Ludwig,Home Office,United States,Stockton,California,95207,West,FUR-FU-10003394,Furniture,Furnishings,"Tenex ""The Solids"" Textured Chair Mats",629.64,9,0,107.04,Dec,2026,26-Dec,17.00%,Profitable,High
9738,US-2026-101805,12/1/2026,12/6/2026,Standard Class,SH-19975,Sally Hughsby,Corporate,United States,Seattle,Washington,98105,West,OFF-ST-10002756,Office Supplies,Storage,"Tennsco Stur-D-Stor Boltless Shelving, 5 Shelves, 24"" Deep, Sand",541.24,4,0,5.41,Dec,2026,26-Dec,1.00%,Profitable,High
9748,US-2026-143756,12/2/2026,12/5/2026,First Class,ME-17725,Max Engle,Consumer,United States,Salem,Virginia,24153,South,FUR-CH-10001854,Furniture,Chairs,Office Star - Professional Matrix Back Chair with 2-to-1 Synchro Tilt and Mesh Fabric Seat,701.96,2,0,168.47,Dec,2026,26-Dec,24.00%,Profitable,High
9749,US-2026-112347,12/2/2026,12/6/2026,Standard Class,BS-11380,Bill Stewart,Corporate,United States,Denver,Colorado,80219,West,FUR-CH-10002335,Furniture,Chairs,Hon GuestStacker Chair,906.68,5,0.2,68,Dec,2026,26-Dec,7.50%,Profitable,High
9750,US-2026-102379,12/2/2026,12/6/2026,Standard Class,BB-11545,Brenda Bowman,Corporate,United States,Oakland,California,94601,West,FUR-CH-10004983,Furniture,Chairs,Office Star - Mid Back Dual function Ergonomic High Back Chair with 2-Way Adjustable Arms,1159.06,9,0.2,43.46,Dec,2026,26-Dec,3.70%,Profitable,High
9751,US-2026-112347,12/2/2026,12/6/2026,Standard Class,BS-11380,Bill Stewart,Corporate,United States,Denver,Colorado,80219,West,FUR-FU-10001488,Furniture,Furnishings,"Tenex 46"" x 60"" Computer Anti-Static Chairmat, Rectangular Shaped",508.7,6,0.2,0,Dec,2026,26-Dec,0.00%,Loss,High
9766,US-2026-155075,12/2/2026,12/9/2026,Standard Class,GW-14605,Giulietta Weimer,Consumer,United States,Philadelphia,Pennsylvania,19140,East,OFF-BI-10003650,Office Supplies,Binders,GBC DocuBind 300 Electric Binding Machine,631.18,4,0.7,-462.86,Dec,2026,26-Dec,-73.30%,Loss,High
9773,US-2026-116715,12/2/2026,12/5/2026,First Class,VW-21775,Victoria Wilson,Corporate,United States,San Francisco,California,94122,West,OFF-ST-10004340,Office Supplies,Storage,"Fellowes Mobile File Cart, Black",559.62,9,0,151.1,Dec,2026,26-Dec,27.00%,Profitable,High
9777,US-2026-160885,12/2/2026,12/6/2026,Standard Class,JK-16090,Juliana Krohn,Consumer,United States,Omaha,Nebraska,68104,Central,TEC-PH-10001795,Technology,Phones,ClearOne CHATAttach 160 - speaker phone,2479.96,4,0,743.99,Dec,2026,26-Dec,30.00%,Profitable,High
9780,US-2026-167395,12/2/2026,12/4/2026,First Class,KM-16720,Kunst Miller,Consumer,United States,Lowell,Massachusetts,1852,East,TEC-PH-10004977,Technology,Phones,GE 30524EE4,979.95,5,0,284.19,Dec,2026,26-Dec,29.00%,Profitable,High
9788,US-2026-143126,12/3/2026,12/7/2026,Second Class,CM-12655,Corinna Mitchell,Home Office,United States,Seattle,Washington,98115,West,FUR-TA-10002958,Furniture,Tables,"Bevis Oval Conference Table, Walnut",521.96,2,0,88.73,Dec,2026,26-Dec,17.00%,Profitable,High
9821,US-2026-109183,12/4/2026,12/9/2026,Standard Class,LR-16915,Lena Radford,Consumer,United States,Nashville,Tennessee,37211,South,TEC-MA-10001856,Technology,Machines,Okidata C610n Printer,649,2,0.5,-272.58,Dec,2026,26-Dec,-42.00%,Loss,High
9846,US-2026-122714,12/7/2026,12/13/2026,Standard Class,HG-14965,Henry Goldwyn,Corporate,United States,Chicago,Illinois,60653,Central,OFF-BI-10001120,Office Supplies,Binders,Ibico EPK-21 Electric Binding System,1889.99,5,0.8,-2929.48,Dec,2026,26-Dec,-155.00%,Loss,High
9853,US-2026-117457,12/8/2026,12/12/2026,Standard Class,KH-16510,Keith Herrera,Consumer,United States,San Francisco,California,94110,West,FUR-BO-10001972,Furniture,Bookcases,O'Sullivan 4-Shelf Bookcase in Odessa Pine,1336.83,13,0.15,31.45,Dec,2026,26-Dec,2.40%,Profitable,High
9859,US-2026-117457,12/8/2026,12/12/2026,Standard Class,KH-16510,Keith Herrera,Consumer,United States,San Francisco,California,94110,West,FUR-TA-10002041,Furniture,Tables,"Bevis Round Conference Table Top, X-Base",1004.02,7,0.2,-112.95,Dec,2026,26-Dec,-11.30%,Loss,High
9861,US-2026-117324,12/8/2026,12/13/2026,Standard Class,JP-15520,Jeremy Pistek,Consumer,United States,Madison,Wisconsin,53711,Central,OFF-AP-10003590,Office Supplies,Appliances,Hoover WindTunnel Plus Canister Vacuum,1089.75,3,0,305.13,Dec,2026,26-Dec,28.00%,Profitable,High
9874,US-2026-152436,12/8/2026,12/10/2026,Second Class,CW-11905,Carl Weiss,Home Office,United States,Cranston,Rhode Island,2920,East,OFF-ST-10000036,Office Supplies,Storage,"Recycled Data-Pak for Archival Bound Computer Printouts, 12-1/2 x 12-1/2 x 16",592.74,6,0,160.04,Dec,2026,26-Dec,27.00%,Profitable,High
9881,US-2026-117457,12/8/2026,12/12/2026,Standard Class,KH-16510,Keith Herrera,Consumer,United States,San Francisco,California,94110,West,TEC-CO-10004115,Technology,Copiers,Sharp AL-1530CS Digital Copier,1199.98,3,0.2,434.99,Dec,2026,26-Dec,36.30%,Profitable,High
9884,US-2026-139199,12/9/2026,12/13/2026,Standard Class,DK-12835,Damala Kotsonis,Corporate,United States,Detroit,Michigan,48234,Central,FUR-CH-10000847,Furniture,Chairs,Global Executive Mid-Back Manager's Chair,872.94,3,0,226.96,Dec,2026,26-Dec,26.00%,Profitable,High
9886,US-2026-102407,12/9/2026,12/13/2026,Second Class,AT-10435,Alyssa Tate,Home Office,United States,Los Angeles,California,90004,West,FUR-TA-10003748,Furniture,Tables,Bevis 36 x 72 Conference Tables,896.33,9,0.2,22.41,Dec,2026,26-Dec,2.50%,Profitable,High
9914,US-2026-167920,12/9/2026,12/12/2026,Second Class,JL-15835,John Lee,Consumer,United States,Richmond,Kentucky,40475,South,TEC-CO-10001046,Technology,Copiers,Canon Imageclass D680 Copier / Fax,1399.98,2,0,629.99,Dec,2026,26-Dec,45.00%,Profitable,High
9922,US-2026-148446,12/10/2026,12/14/2026,Second Class,MC-17845,Michael Chen,Consumer,United States,North Las Vegas,Nevada,89031,West,FUR-TA-10004256,Furniture,Tables,Bretford “Just In Time” Height-Adjustable Multi-Task Work Tables,1669.6,4,0,116.87,Dec,2026,26-Dec,7.00%,Profitable,High
9934,US-2026-148922,12/10/2026,12/15/2026,Second Class,SU-20665,Stephanie Ulpright,Home Office,United States,Jackson,Mississippi,39212,South,TEC-AC-10001838,Technology,Accessories,Razer Tiamat Over Ear 7.1 Surround Sound PC Gaming Headset,599.97,3,0,257.99,Dec,2026,26-Dec,43.00%,Profitable,High
9942,US-2026-162565,12/11/2026,12/11/2026,Same Day,RR-19315,Ralph Ritter,Consumer,United States,Aurora,Illinois,60505,Central,FUR-CH-10003973,Furniture,Chairs,GuestStacker Chair with Chrome Finish Legs,520.46,2,0.3,-14.87,Dec,2026,26-Dec,-2.90%,Loss,High
9944,US-2026-168389,12/11/2026,12/17/2026,Standard Class,DV-13045,Darrin Van Huff,Corporate,United States,Jacksonville,Florida,32216,South,FUR-TA-10004289,Furniture,Tables,BoxOffice By Design Rectangular and Half-Moon Meeting Room Tables,721.88,6,0.45,-420,Dec,2026,26-Dec,-58.20%,Loss,High
9952,US-2026-153871,12/11/2026,12/17/2026,Standard Class,RB-19435,Richard Bierner,Consumer,United States,Plainfield,New Jersey,7060,East,OFF-BI-10004600,Office Supplies,Binders,Ibico Ibimaster 300 Manual Binding System,735.98,2,0,331.19,Dec,2026,26-Dec,45.00%,Profitable,High
9972,US-2026-113992,12/14/2026,12/19/2026,Standard Class,LC-16885,Lena Creighton,Consumer,United States,Plano,Texas,75023,Central,FUR-TA-10000577,Furniture,Tables,Bretford CR4500 Series Slim Rectangular Table,974.99,4,0.3,-97.5,Dec,2026,26-Dec,-10.00%,Loss,High
9973,US-2026-151799,12/14/2026,12/18/2026,Standard Class,BF-11170,Ben Ferrer,Home Office,United States,Lawrence,Massachusetts,1841,East,FUR-TA-10003473,Furniture,Tables,Bretford Rectangular Conference Table Tops,526.58,2,0.3,-52.66,Dec,2026,26-Dec,-10.00%,Loss,High
9984,US-2026-151799,12/14/2026,12/18/2026,Standard Class,BF-11170,Ben Ferrer,Home Office,United States,Lawrence,Massachusetts,1841,East,TEC-CO-10002313,Technology,Copiers,Canon PC1080F Personal Copier,1199.98,2,0,467.99,Dec,2026,26-Dec,39.00%,Profitable,High
9988,CA-2026-151799,12/14/2026,12/18/2026,Standard Class,BF-11170,Ben Ferrer,Home Office,Canada,Toronto,Ontario,M3C,East,OFF-ST-10002790,Office Supplies,Storage,Safco Industrial Shelving,526.58,2,0.3,-52.66,Dec,2026,26-Dec,-10.00%,Loss,High
10011,US-2026-116855,12/17/2026,12/21/2026,Standard Class,AI-10855,Arianne Irving,Consumer,United States,Chesapeake,Virginia,23320,South,FUR-CH-10003846,Furniture,Chairs,Hon Valutask Swivel Chairs,504.9,5,0,80.78,Dec,2026,26-Dec,16.00%,Profitable,High
10022,US-2026-130309,12/17/2026,12/21/2026,Standard Class,GB-14575,Giulietta Baptist,Consumer,United States,Arlington,Virginia,22204,South,OFF-ST-10003208,Office Supplies,Storage,Adjustable Depth Letter/Legal Cart,544.38,3,0,157.87,Dec,2026,26-Dec,29.00%,Profitable,High
10025,US-2026-115602,12/18/2026,12/24/2026,Standard Class,DJ-13630,Doug Jacobs,Consumer,United States,New York City,New York,10009,East,FUR-CH-10001708,Furniture,Chairs,Office Star - Contemporary Swivel Chair with Padded Adjustable Arms and Flex Back,1141.94,9,0.1,139.57,Dec,2026,26-Dec,12.20%,Profitable,High
10028,US-2026-115602,12/18/2026,12/24/2026,Standard Class,DJ-13630,Doug Jacobs,Consumer,United States,New York City,New York,10009,East,OFF-AP-10000891,Office Supplies,Appliances,Kensington 7 Outlet MasterPiece HOMEOFFICE Power Control Center,1704.56,13,0,511.37,Dec,2026,26-Dec,30.00%,Profitable,High
10048,US-2026-158729,12/19/2026,12/21/2026,First Class,AC-10450,Amy Cox,Consumer,United States,Lafayette,Louisiana,70506,South,OFF-SU-10002881,Office Supplies,Supplies,Martin Yale Chadless Opener Electric Letter Opener,1665.62,2,0,33.31,Dec,2026,26-Dec,2.00%,Profitable,High
10060,US-2026-138380,12/21/2026,12/25/2026,Standard Class,YS-21880,Yana Sorensen,Corporate,United States,Oakland,California,94601,West,OFF-ST-10003306,Office Supplies,Storage,Letter Size Cart,1000.02,7,0,290.01,Dec,2026,26-Dec,29.00%,Profitable,High
10067,US-2026-120376,12/22/2026,12/25/2026,First Class,TP-21130,Theone Pippenger,Consumer,United States,Detroit,Michigan,48227,Central,FUR-CH-10002335,Furniture,Chairs,Hon GuestStacker Chair,1586.69,7,0,412.54,Dec,2026,26-Dec,26.00%,Profitable,High
10069,US-2026-150910,12/22/2026,12/28/2026,Standard Class,JL-15130,Jack Lebron,Consumer,United States,Jackson,Tennessee,38301,South,FUR-TA-10002903,Furniture,Tables,"Bevis Round Bullnose 29"" High Table Top",934.96,6,0.4,-249.32,Dec,2026,26-Dec,-26.70%,Loss,High
10072,US-2026-146164,12/22/2026,12/26/2026,Standard Class,CM-12190,Charlotte Melton,Consumer,United States,Rochester,Minnesota,55901,Central,FUR-TA-10004915,Furniture,Tables,"Office Impressions End Table, 20-1/2""H x 24""W x 20""D",607.52,2,0,97.2,Dec,2026,26-Dec,16.00%,Profitable,High
10073,US-2026-155376,12/22/2026,12/27/2026,Standard Class,SG-20080,Sandra Glassco,Consumer,United States,Independence,Missouri,64055,Central,OFF-AP-10001058,Office Supplies,Appliances,Sanyo 2.5 Cubic Foot Mid-Size Office Refrigerators,839.43,3,0,218.25,Dec,2026,26-Dec,26.00%,Profitable,High
10086,US-2026-119578,12/22/2026,12/27/2026,Second Class,JG-15310,Jason Gross,Corporate,United States,Providence,Rhode Island,2908,East,OFF-SU-10003505,Office Supplies,Supplies,Premier Electric Letter Opener,695.16,6,0,34.76,Dec,2026,26-Dec,5.00%,Profitable,High
10092,US-2026-119193,12/22/2026,12/24/2026,First Class,SK-19990,Sally Knutson,Consumer,United States,Toledo,Ohio,43615,East,TEC-PH-10003072,Technology,Phones,Panasonic KX-TG9541B DECT 6.0 Digital 2-Line Expandable Cordless Phone With Digital Answering System,629.96,7,0.4,94.49,Dec,2026,26-Dec,15.00%,Profitable,High
10108,US-2026-128734,12/24/2026,12/31/2026,Standard Class,JL-15175,James Lanier,Home Office,United States,Chandler,Arizona,85224,West,FUR-CH-10001394,Furniture,Chairs,Global Leather Executive Chair,842.38,3,0.2,105.3,Dec,2026,26-Dec,12.50%,Profitable,High
10121,US-2026-147956,12/24/2026,12/31/2026,Standard Class,AH-10210,Alan Hwang,Consumer,United States,Seattle,Washington,98105,West,OFF-ST-10001097,Office Supplies,Storage,Office Impressions Heavy Duty Welded Shelving & Multimedia Storage Drawers,1003.62,6,0,0,Dec,2026,26-Dec,0.00%,Loss,High
10122,US-2026-145219,12/24/2026,12/25/2026,First Class,RM-19675,Robert Marley,Home Office,United States,Los Angeles,California,90049,West,TEC-CO-10001449,Technology,Copiers,Hewlett Packard LaserJet 3310 Copier,2879.95,6,0.2,1007.98,Dec,2026,26-Dec,35.00%,Profitable,High
10138,US-2026-114055,12/25/2026,12/29/2026,Second Class,MH-18115,Mick Hernandez,Home Office,United States,Huntsville,Alabama,35810,South,OFF-PA-10000994,Office Supplies,Paper,Xerox 1915,629.1,6,0,301.97,Dec,2026,26-Dec,48.00%,Profitable,High
10150,US-2026-121741,12/26/2026,12/26/2026,Same Day,YC-21895,Yoseph Carroll,Corporate,United States,Fremont,Nebraska,68025,Central,OFF-ST-10004459,Office Supplies,Storage,Tennsco Single-Tier Lockers,750.68,2,0,37.53,Dec,2026,26-Dec,5.00%,Profitable,High
10170,US-2026-163979,12/28/2026,1/2/2027,Second Class,KH-16690,Kristen Hastings,Corporate,United States,San Francisco,California,94110,West,OFF-ST-10003208,Office Supplies,Storage,Adjustable Depth Letter/Legal Cart,725.84,4,0,210.49,Dec,2026,26-Dec,29.00%,Profitable,High
10173,US-2026-158526,12/29/2026,1/1/2027,Second Class,KH-16360,Katherine Hughes,Consumer,United States,Louisville,Kentucky,40214,South,FUR-CH-10002602,Furniture,Chairs,DMI Arturo Collection Mission-style Design Wood Chair,1207.84,8,0,314.04,Dec,2026,26-Dec,26.00%,Profitable,High
